[[{"name": {"common": "Syria", "official": "Syrian Arab Republic", "nativeName": {"ara": {"official": "\u0627\u0644\u062c\u0645\u0647\u0648\u0631\u064a\u0629 \u0627\u0644\u0639\u0631\u0628\u064a\u0629 \u0627\u0644\u0633\u0648\u0631\u064a\u0629", "common": "\u0633\u0648\u0631\u064a\u0627"}}}, "currencies": {"SYP": {"name": "Syrian pound", "symbol": "\u00a3"}}, "capital": ["Damascus"]}, {"name": {"common": "New Zealand", "official": "New Zealand", "nativeName": {"eng": {"official": "New Zealand", "common": "New Zealand"}, "mri": {"official": "Aotearoa", "common": "Aotearoa"}, "nzs": {"official": "New Zealand", "common": "New Zealand"}}}, "currencies": {"NZD": {"name": "New Zealand dollar", "symbol": "$"}}, "capital": ["Wellington"]}, {"name": {"common": "Brunei", "official": "Nation of Brunei, Abode of Peace", "nativeName": {"msa": {"official": "Nation of Brunei, Abode Damai", "common": "Negara Brunei Darussalam"}}}, "currencies": {"BND": {"name": "Brunei dollar", "symbol": "$"}, "SGD": {"name": "Singapore dollar", "symbol": "$"}}, "capital": ["Bandar Seri Begawan"]}, {"name": {"common": "British Indian Ocean Territory", "official": "British Indian Ocean Territory", "nativeName": {"eng": {"official": "British Indian Ocean Territory", "common": "British Indian Ocean Territory"}}}, "currencies": {"USD": {"name": "United States dollar", "symbol": "$"}}, "capital": ["Diego Garcia"]}, {"name": {"common": "Kenya", "official": "Republic of Kenya", "nativeName": {"eng": {"official": "Republic of Kenya", "common": "Kenya"}, "swa": {"official": "Republic of Kenya", "common": "Kenya"}}}, "currencies": {"KES": {"name": "Kenyan shilling", "symbol": "Sh"}}, "capital": ["Nairobi"]}, {"name": {"common": "Palau", "official": "Republic of Palau", "nativeName": {"eng": {"official": "Republic of Palau", "common": "Palau"}, "pau": {"official": "Beluu er a Belau", "common": "Belau"}}}, "currencies": {"USD": {"name": "United States dollar", "symbol": "$"}}, "capital": ["Ngerulmud"]}, {"name": {"common": "Oman", "official": "Sultanate of Oman", "nativeName": {"ara": {"official": "\u0633\u0644\u0637\u0646\u0629 \u0639\u0645\u0627\u0646", "common": "\u0639\u0645\u0627\u0646"}}}, "currencies": {"OMR": {"name": "Omani rial", "symbol": "\u0631.\u0639."}}, "capital": ["Muscat"]}, {"name": {"common": "Mexico", "official": "United Mexican States", "nativeName": {"spa": {"official": "Estados Unidos Mexicanos", "common": "M\u00e9xico"}}}, "currencies": {"MXN": {"name": "Mexican peso", "symbol": "$"}}, "capital": ["Mexico City"]}, {"name": {"common": "Palestine", "official": "State of Palestine", "nativeName": {"ara": {"official": "\u062f\u0648\u0644\u0629 \u0641\u0644\u0633\u0637\u064a\u0646", "common": "\u0641\u0644\u0633\u0637\u064a\u0646"}}}, "currencies": {"EGP": {"name": "Egyptian pound", "symbol": "E\u00a3"}, "ILS": {"name": "Israeli new shekel", "symbol": "\u20aa"}, "JOD": {"name": "Jordanian dinar", "symbol": "JD"}}, "capital": ["Ramallah", "Jerusalem"]}, {"name": {"common": "Turks and Caicos Islands", "official": "Turks and Caicos Islands", "nativeName": {"eng": {"official": "Turks and Caicos Islands", "common": "Turks and Caicos Islands"}}}, "currencies": {"USD": {"name": "United States dollar", "symbol": "$"}}, "capital": ["Cockburn Town"]}, {"name": {"common": "Central African Republic", "official": "Central African Republic", "nativeName": {"fra": {"official": "R\u00e9publique centrafricaine", "common": "R\u00e9publique centrafricaine"}, "sag": {"official": "K\u00f6d\u00f6r\u00f6s\u00ease t\u00ee B\u00eaafr\u00eeka", "common": "B\u00eaafr\u00eeka"}}}, "currencies": {"XAF": {"name": "Central African CFA franc", "symbol": "Fr"}}, "capital": ["Bangui"]}, {"name": {"common": "Saint Kitts and Nevis", "official": "Federation of Saint Christopher and Nevis", "nativeName": {"eng": {"official": "Federation of Saint Christopher and Nevis", "common": "Saint Kitts and Nevis"}}}, "currencies": {"XCD": {"name": "Eastern Caribbean dollar", "symbol": "$"}}, "capital": ["Basseterre"]}, {"name": {"common": "South Sudan", "official": "Republic of South Sudan", "nativeName": {"eng": {"official": "Republic of South Sudan", "common": "South Sudan"}}}, "currencies": {"SSP": {"name": "South Sudanese pound", "symbol": "\u00a3"}}, "capital": ["Juba"]}, {"name": {"common": "Ukraine", "official": "Ukraine", "nativeName": {"ukr": {"official": "\u0423\u043a\u0440\u0430\u0457\u043d\u0430", "common": "\u0423\u043a\u0440\u0430\u0457\u043d\u0430"}}}, "currencies": {"UAH": {"name": "Ukrainian hryvnia", "symbol": "\u20b4"}}, "capital": ["Kyiv"]}, {"name": {"common": "Saint Barth\u00e9lemy", "official": "Collectivity of Saint Barth\u00e9lemy", "nativeName": {"fra": {"official": "Collectivit\u00e9 de Saint-Barth\u00e9lemy", "common": "Saint-Barth\u00e9lemy"}}}, "currencies": {"EUR": {"name": "Euro", "symbol": "\u20ac"}}, "capital": ["Gustavia"]}, {"name": {"common": "Netherlands", "official": "Kingdom of the Netherlands", "nativeName": {"nld": {"official": "Koninkrijk der Nederlanden", "common": "Nederland"}}}, "currencies": {"EUR": {"name": "Euro", "symbol": "\u20ac"}}, "capital": ["Amsterdam"]}, {"name": {"common": "Tanzania", "official": "United Republic of Tanzania", "nativeName": {"eng": {"official": "United Republic of Tanzania", "common": "Tanzania"}, "swa": {"official": "Jamhuri ya Muungano wa Tanzania", "common": "Tanzania"}}}, "currencies": {"TZS": {"name": "Tanzanian shilling", "symbol": "Sh"}}, "capital": ["Dodoma"]}, {"name": {"common": "Czechia", "official": "Czech Republic", "nativeName": {"ces": {"official": "\u010cesk\u00e1 republika", "common": "\u010cesko"}, "slk": {"official": "\u010cesk\u00e1 republika", "common": "\u010cesko"}}}, "currencies": {"CZK": {"name": "Czech koruna", "symbol": "K\u010d"}}, "capital": ["Prague"]}, {"name": {"common": "Belarus", "official": "Republic of Belarus", "nativeName": {"bel": {"official": "\u0420\u044d\u0441\u043f\u0443\u0431\u043b\u0456\u043a\u0430 \u0411\u0435\u043b\u0430\u0440\u0443\u0441\u044c", "common": "\u0411\u0435\u043b\u0430\u0440\u0443\u0301\u0441\u044c"}, "rus": {"official": "\u0420\u0435\u0441\u043f\u0443\u0431\u043b\u0438\u043a\u0430 \u0411\u0435\u043b\u0430\u0440\u0443\u0441\u044c", "common": "\u0411\u0435\u043b\u0430\u0440\u0443\u0441\u044c"}}}, "currencies": {"BYN": {"name": "Belarusian ruble", "symbol": "Br"}}, "capital": ["Minsk"]}, {"name": {"common": "Yemen", "official": "Republic of Yemen", "nativeName": {"ara": {"official": "\u0627\u0644\u062c\u0645\u0647\u0648\u0631\u064a\u0629 \u0627\u0644\u064a\u0645\u0646\u064a\u0629", "common": "\u0627\u0644\u064a\u064e\u0645\u064e\u0646"}}}, "currencies": {"YER": {"name": "Yemeni rial", "symbol": "\ufdfc"}}, "capital": ["Sana'a"]}, {"name": {"common": "Slovenia", "official": "Republic of Slovenia", "nativeName": {"slv": {"official": "Republika Slovenija", "common": "Slovenija"}}}, "currencies": {"EUR": {"name": "Euro", "symbol": "\u20ac"}}, "capital": ["Ljubljana"]}, {"name": {"common": "Tokelau", "official": "Tokelau", "nativeName": {"eng": {"official": "Tokelau", "common": "Tokelau"}, "smo": {"official": "Tokelau", "common": "Tokelau"}, "tkl": {"official": "Tokelau", "common": "Tokelau"}}}, "currencies": {"NZD": {"name": "New Zealand dollar", "symbol": "$"}}, "capital": ["Fakaofo"]}, {"name": {"common": "Nigeria", "official": "Federal Republic of Nigeria", "nativeName": {"eng": {"official": "Federal Republic of Nigeria", "common": "Nigeria"}}}, "currencies": {"NGN": {"name": "Nigerian naira", "symbol": "\u20a6"}}, "capital": ["Abuja"]}, {"name": {"common": "R\u00e9union", "official": "R\u00e9union Island", "nativeName": {"fra": {"official": "Ile de la R\u00e9union", "common": "La R\u00e9union"}}}, "currencies": {"EUR": {"name": "Euro", "symbol": "\u20ac"}}, "capital": ["Saint-Denis"]}, {"name": {"common": "Guadeloupe", "official": "Guadeloupe", "nativeName": {"fra": {"official": "Guadeloupe", "common": "Guadeloupe"}}}, "currencies": {"EUR": {"name": "Euro", "symbol": "\u20ac"}}, "capital": ["Basse-Terre"]}, {"name": {"common": "Hungary", "official": "Hungary", "nativeName": {"hun": {"official": "Magyarorsz\u00e1g", "common": "Magyarorsz\u00e1g"}}}, "currencies": {"HUF": {"name": "Hungarian forint", "symbol": "Ft"}}, "capital": ["Budapest"]}, {"name": {"common": "Heard Island and McDonald Islands", "official": "Heard Island and McDonald Islands", "nativeName": {"eng": {"official": "Heard Island and McDonald Islands", "common": "Heard Island and McDonald Islands"}}}, "currencies": {}, "capital": []}, {"name": {"common": "Eswatini", "official": "Kingdom of Eswatini", "nativeName": {"eng": {"official": "Kingdom of Eswatini", "common": "Eswatini"}, "ssw": {"official": "Umbuso weSwatini", "common": "eSwatini"}}}, "currencies": {"SZL": {"name": "Swazi lilangeni", "symbol": "L"}, "ZAR": {"name": "South African rand", "symbol": "R"}}, "capital": ["Mbabane"]}, {"name": {"common": "Comoros", "official": "Union of the Comoros", "nativeName": {"ara": {"official": "\u0627\u0644\u0627\u062a\u062d\u0627\u062f \u0627\u0644\u0642\u0645\u0631\u064a", "common": "\u0627\u0644\u0642\u0645\u0631\u200e"}, "fra": {"official": "Union des Comores", "common": "Comores"}, "zdj": {"official": "Udzima wa Komori", "common": "Komori"}}}, "currencies": {"KMF": {"name": "Comorian franc", "symbol": "Fr"}}, "capital": ["Moroni"]}, {"name": {"common": "India", "official": "Republic of India", "nativeName": {"eng": {"official": "Republic of India", "common": "India"}, "hin": {"official": "\u092d\u093e\u0930\u0924 \u0917\u0923\u0930\u093e\u091c\u094d\u092f", "common": "\u092d\u093e\u0930\u0924"}, "tam": {"official": "\u0b87\u0ba8\u0bcd\u0ba4\u0bbf\u0baf\u0b95\u0bcd \u0b95\u0bc1\u0b9f\u0bbf\u0baf\u0bb0\u0b9a\u0bc1", "common": "\u0b87\u0ba8\u0bcd\u0ba4\u0bbf\u0baf\u0bbe"}}}, "currencies": {"INR": {"name": "Indian rupee", "symbol": "\u20b9"}}, "capital": ["New Delhi"]}, {"name": {"common": "Cocos (Keeling) Islands", "official": "Territory of the Cocos (Keeling) Islands", "nativeName": {"eng": {"official": "Territory of the Cocos (Keeling) Islands", "common": "Cocos (Keeling) Islands"}}}, "currencies": {"AUD": {"name": "Australian dollar", "symbol": "$"}}, "capital": ["West Island"]}, {"name": {"common": "United Kingdom", "official": "United Kingdom of Great Britain and Northern Ireland", "nativeName": {"eng": {"official": "United Kingdom of Great Britain and Northern Ireland", "common": "United Kingdom"}}}, "currencies": {"GBP": {"name": "British pound", "symbol": "\u00a3"}}, "capital": ["London"]}, {"name": {"common": "Angola", "official": "Republic of Angola", "nativeName": {"por": {"official": "Rep\u00fablica de Angola", "common": "Angola"}}}, "currencies": {"AOA": {"name": "Angolan kwanza", "symbol": "Kz"}}, "capital": ["Luanda"]}, {"name": {"common": "Macau", "official": "Macao Special Administrative Region of the People's Republic of China", "nativeName": {"por": {"official": "Regi\u00e3o Administrativa Especial de Macau da Rep\u00fablica Popular da China", "common": "Macau"}, "zho": {"official": "\u4e2d\u534e\u4eba\u6c11\u5171\u548c\u56fd\u6fb3\u95e8\u7279\u522b\u884c\u653f\u533a", "common": "\u6fb3\u95e8"}}}, "currencies": {"MOP": {"name": "Macanese pataca", "symbol": "P"}}, "capital": []}, {"name": {"common": "Costa Rica", "official": "Republic of Costa Rica", "nativeName": {"spa": {"official": "Rep\u00fablica de Costa Rica", "common": "Costa Rica"}}}, "currencies": {"CRC": {"name": "Costa Rican col\u00f3n", "symbol": "\u20a1"}}, "capital": ["San Jos\u00e9"]}, {"name": {"common": "Niue", "official": "Niue", "nativeName": {"eng": {"official": "Niue", "common": "Niue"}, "niu": {"official": "Niu\u0113", "common": "Niu\u0113"}}}, "currencies": {"NZD": {"name": "New Zealand dollar", "symbol": "$"}}, "capital": ["Alofi"]}, {"name": {"common": "Cook Islands", "official": "Cook Islands", "nativeName": {"eng": {"official": "Cook Islands", "common": "Cook Islands"}, "rar": {"official": "K\u016bki '\u0100irani", "common": "K\u016bki '\u0100irani"}}}, "currencies": {"CKD": {"name": "Cook Islands dollar", "symbol": "$"}, "NZD": {"name": "New Zealand dollar", "symbol": "$"}}, "capital": ["Avarua"]}, {"name": {"common": "Djibouti", "official": "Republic of Djibouti", "nativeName": {"ara": {"official": "\u062c\u0645\u0647\u0648\u0631\u064a\u0629 \u062c\u064a\u0628\u0648\u062a\u064a", "common": "\u062c\u064a\u0628\u0648\u062a\u064a\u200e"}, "fra": {"official": "R\u00e9publique de Djibouti", "common": "Djibouti"}}}, "currencies": {"DJF": {"name": "Djiboutian franc", "symbol": "Fr"}}, "capital": ["Djibouti"]}, {"name": {"common": "Saint Pierre and Miquelon", "official": "Saint Pierre and Miquelon", "nativeName": {"fra": {"official": "Collectivit\u00e9 territoriale de Saint-Pierre-et-Miquelon", "common": "Saint-Pierre-et-Miquelon"}}}, "currencies": {"EUR": {"name": "Euro", "symbol": "\u20ac"}}, "capital": ["Saint-Pierre"]}, {"name": {"common": "Austria", "official": "Republic of Austria", "nativeName": {"bar": {"official": "Republik \u00d6sterreich", "common": "\u00d6sterreich"}}}, "currencies": {"EUR": {"name": "Euro", "symbol": "\u20ac"}}, "capital": ["Vienna"]}, {"name": {"common": "Indonesia", "official": "Republic of Indonesia", "nativeName": {"ind": {"official": "Republik Indonesia", "common": "Indonesia"}}}, "currencies": {"IDR": {"name": "Indonesian rupiah", "symbol": "Rp"}}, "capital": ["Jakarta"]}, {"name": {"common": "Nauru", "official": "Republic of Nauru", "nativeName": {"eng": {"official": "Republic of Nauru", "common": "Nauru"}, "nau": {"official": "Republic of Nauru", "common": "Nauru"}}}, "currencies": {"AUD": {"name": "Australian dollar", "symbol": "$"}}, "capital": ["Yaren"]}, {"name": {"common": "Kazakhstan", "official": "Republic of Kazakhstan", "nativeName": {"kaz": {"official": "\u049a\u0430\u0437\u0430\u049b\u0441\u0442\u0430\u043d \u0420\u0435\u0441\u043f\u0443\u0431\u043b\u0438\u043a\u0430\u0441\u044b", "common": "\u049a\u0430\u0437\u0430\u049b\u0441\u0442\u0430\u043d"}, "rus": {"official": "\u0420\u0435\u0441\u043f\u0443\u0431\u043b\u0438\u043a\u0430 \u041a\u0430\u0437\u0430\u0445\u0441\u0442\u0430\u043d", "common": "\u041a\u0430\u0437\u0430\u0445\u0441\u0442\u0430\u043d"}}}, "currencies": {"KZT": {"name": "Kazakhstani tenge", "symbol": "\u20b8"}}, "capital": ["Astana"]}, {"name": {"common": "Malawi", "official": "Republic of Malawi", "nativeName": {"eng": {"official": "Republic of Malawi", "common": "Malawi"}, "nya": {"official": "Chalo cha Malawi, Dziko la Mala\u0175i", "common": "Mala\u0175i"}}}, "currencies": {"MWK": {"name": "Malawian kwacha", "symbol": "MK"}}, "capital": ["Lilongwe"]}, {"name": {"common": "Eritrea", "official": "State of Eritrea", "nativeName": {"ara": {"official": "\u062f\u0648\u0644\u0629 \u0625\u0631\u062a\u0631\u064a\u0627", "common": "\u0625\u0631\u062a\u0631\u064a\u0627\u200e"}, "eng": {"official": "State of Eritrea", "common": "Eritrea"}, "tir": {"official": "\u1203\u1308\u1228 \u12a4\u122d\u1275\u122b", "common": "\u12a4\u122d\u1275\u122b"}}}, "currencies": {"ERN": {"name": "Eritrean nakfa", "symbol": "Nfk"}}, "capital": ["Asmara"]}, {"name": {"common": "Tunisia", "official": "Tunisian Republic", "nativeName": {"ara": {"official": "\u0627\u0644\u062c\u0645\u0647\u0648\u0631\u064a\u0629 \u0627\u0644\u062a\u0648\u0646\u0633\u064a\u0629", "common": "\u062a\u0648\u0646\u0633"}}}, "currencies": {"TND": {"name": "Tunisian dinar", "symbol": "\u062f.\u062a"}}, "capital": ["Tunis"]}, {"name": {"common": "Pitcairn Islands", "official": "Pitcairn Group of Islands", "nativeName": {"eng": {"official": "Pitcairn Group of Islands", "common": "Pitcairn Islands"}}}, "currencies": {"NZD": {"name": "New Zealand dollar", "symbol": "$"}}, "capital": ["Adamstown"]}, {"name": {"common": "Saudi Arabia", "official": "Kingdom of Saudi Arabia", "nativeName": {"ara": {"official": "\u0627\u0644\u0645\u0645\u0644\u0643\u0629 \u0627\u0644\u0639\u0631\u0628\u064a\u0629 \u0627\u0644\u0633\u0639\u0648\u062f\u064a\u0629", "common": "\u0627\u0644\u0639\u0631\u0628\u064a\u0629 \u0627\u0644\u0633\u0639\u0648\u062f\u064a\u0629"}}}, "currencies": {"SAR": {"name": "Saudi riyal", "symbol": "\u0631.\u0633"}}, "capital": ["Riyadh"]}, {"name": {"common": "Turkmenistan", "official": "Turkmenistan", "nativeName": {"rus": {"official": "\u0422\u0443\u0440\u043a\u043c\u0435\u043d\u0438\u0441\u0442\u0430\u043d", "common": "\u0422\u0443\u0440\u043a\u043c\u0435\u043d\u0438\u044f"}, "tuk": {"official": "T\u00fcrkmenistan", "common": "T\u00fcrkmenistan"}}}, "currencies": {"TMT": {"name": "Turkmenistan manat", "symbol": "m"}}, "capital": ["Ashgabat"]}, {"name": {"common": "Western Sahara", "official": "Sahrawi Arab Democratic Republic", "nativeName": {"ber": {"official": "Sahrawi Arab Democratic Republic", "common": "Western Sahara"}, "mey": {"official": "\u0627\u0644\u062c\u0645\u0647\u0648\u0631\u064a\u0629 \u0627\u0644\u0639\u0631\u0628\u064a\u0629 \u0627\u0644\u0635\u062d\u0631\u0627\u0648\u064a\u0629 \u0627\u0644\u062f\u064a\u0645\u0642\u0631\u0627\u0637\u064a\u0629", "common": "\u0627\u0644\u0635\u062d\u0631\u0627\u0621 \u0627\u0644\u063a\u0631\u0628\u064a\u0629"}, "spa": {"official": "Rep\u00fablica \u00c1rabe Saharaui Democr\u00e1tica", "common": "Sahara Occidental"}}}, "currencies": {"DZD": {"name": "Algerian dinar", "symbol": "\u062f\u062c"}, "MAD": {"name": "Moroccan dirham", "symbol": "DH"}, "MRU": {"name": "Mauritanian ouguiya", "symbol": "UM"}}, "capital": ["El Aai\u00fan"]}, {"name": {"common": "Ghana", "official": "Republic of Ghana", "nativeName": {"eng": {"official": "Republic of Ghana", "common": "Ghana"}}}, "currencies": {"GHS": {"name": "Ghanaian cedi", "symbol": "\u20b5"}}, "capital": ["Accra"]}, {"name": {"common": "Tuvalu", "official": "Tuvalu", "nativeName": {"eng": {"official": "Tuvalu", "common": "Tuvalu"}, "tvl": {"official": "Tuvalu", "common": "Tuvalu"}}}, "currencies": {"AUD": {"name": "Australian dollar", "symbol": "$"}, "TVD": {"name": "Tuvaluan dollar", "symbol": "$"}}, "capital": ["Funafuti"]}, {"name": {"common": "Myanmar", "official": "Republic of the Union of Myanmar", "nativeName": {"mya": {"official": "\u1015\u103c\u100a\u103a\u1011\u1031\u102c\u1004\u103a\u1005\u102f \u101e\u1019\u1039\u1019\u1010 \u1019\u103c\u1014\u103a\u1019\u102c\u1014\u102d\u102f\u1004\u103a\u1004\u1036\u1010\u1031\u102c\u103a", "common": "\u1019\u103c\u1014\u103a\u1019\u102c"}}}, "currencies": {"MMK": {"name": "Burmese kyat", "symbol": "Ks"}}, "capital": ["Naypyidaw"]}, {"name": {"common": "Gabon", "official": "Gabonese Republic", "nativeName": {"fra": {"official": "R\u00e9publique gabonaise", "common": "Gabon"}}}, "currencies": {"XAF": {"name": "Central African CFA franc", "symbol": "Fr"}}, "capital": ["Libreville"]}, {"name": {"common": "Cuba", "official": "Republic of Cuba", "nativeName": {"spa": {"official": "Rep\u00fablica de Cuba", "common": "Cuba"}}}, "currencies": {"CUC": {"name": "Cuban convertible peso", "symbol": "$"}, "CUP": {"name": "Cuban peso", "symbol": "$"}}, "capital": ["Havana"]}, {"name": {"common": "China", "official": "People's Republic of China", "nativeName": {"zho": {"official": "\u4e2d\u534e\u4eba\u6c11\u5171\u548c\u56fd", "common": "\u4e2d\u56fd"}}}, "currencies": {"CNY": {"name": "Chinese yuan", "symbol": "\u00a5"}}, "capital": ["Beijing"]}, {"name": {"common": "Panama", "official": "Republic of Panama", "nativeName": {"spa": {"official": "Rep\u00fablica de Panam\u00e1", "common": "Panam\u00e1"}}}, "currencies": {"PAB": {"name": "Panamanian balboa", "symbol": "B/."}, "USD": {"name": "United States dollar", "symbol": "$"}}, "capital": ["Panama City"]}, {"name": {"common": "Thailand", "official": "Kingdom of Thailand", "nativeName": {"tha": {"official": "\u0e23\u0e32\u0e0a\u0e2d\u0e32\u0e13\u0e32\u0e08\u0e31\u0e01\u0e23\u0e44\u0e17\u0e22", "common": "\u0e1b\u0e23\u0e30\u0e40\u0e17\u0e28\u0e44\u0e17\u0e22"}}}, "currencies": {"THB": {"name": "Thai baht", "symbol": "\u0e3f"}}, "capital": ["Bangkok"]}, {"name": {"common": "Russia", "official": "Russian Federation", "nativeName": {"rus": {"official": "\u0420\u043e\u0441\u0441\u0438\u0439\u0441\u043a\u0430\u044f \u0424\u0435\u0434\u0435\u0440\u0430\u0446\u0438\u044f", "common": "\u0420\u043e\u0441\u0441\u0438\u044f"}}}, "currencies": {"RUB": {"name": "Russian ruble", "symbol": "\u20bd"}}, "capital": ["Moscow"]}, {"name": {"common": "Bosnia and Herzegovina", "official": "Bosnia and Herzegovina", "nativeName": {"bos": {"official": "Bosna i Hercegovina", "common": "Bosna i Hercegovina"}, "hrv": {"official": "Bosna i Hercegovina", "common": "Bosna i Hercegovina"}, "srp": {"official": "\u0411\u043e\u0441\u043d\u0430 \u0438 \u0425\u0435\u0440\u0446\u0435\u0433\u043e\u0432\u0438\u043d\u0430", "common": "\u0411\u043e\u0441\u043d\u0430 \u0438 \u0425\u0435\u0440\u0446\u0435\u0433\u043e\u0432\u0438\u043d\u0430"}}}, "currencies": {"BAM": {"name": "Bosnia and Herzegovina convertible mark", "symbol": "KM"}}, "capital": ["Sarajevo"]}, {"name": {"common": "Qatar", "official": "State of Qatar", "nativeName": {"ara": {"official": "\u062f\u0648\u0644\u0629 \u0642\u0637\u0631", "common": "\u0642\u0637\u0631"}}}, "currencies": {"QAR": {"name": "Qatari riyal", "symbol": "\u0631.\u0642"}}, "capital": ["Doha"]}, {"name": {"common": "Bouvet Island", "official": "Bouvet Island", "nativeName": {"nor": {"official": "Bouvet\u00f8ya", "common": "Bouvet\u00f8ya"}}}, "currencies": {}, "capital": []}, {"name": {"common": "Iraq", "official": "Republic of Iraq", "nativeName": {"ara": {"official": "\u062c\u0645\u0647\u0648\u0631\u064a\u0629 \u0627\u0644\u0639\u0631\u0627\u0642", "common": "\u0627\u0644\u0639\u0631\u0627\u0642"}, "arc": {"official": "\u0729\u0718\u073c\u071b\u0722\u0735\u0710 \u0710\u071d\u073c\u072a\u0732\u0729", "common": "\u0729\u0718\u073c\u071b\u0722\u0735\u0710"}, "ckb": {"official": "\u06a9\u06c6\u0645\u0627\u0631\u06cc \u0639\u06ce\u0631\u0627\u0642", "common": "\u06a9\u06c6\u0645\u0627\u0631\u06cc"}}}, "currencies": {"IQD": {"name": "Iraqi dinar", "symbol": "\u0639.\u062f"}}, "capital": ["Baghdad"]}, {"name": {"common": "Tajikistan", "official": "Republic of Tajikistan", "nativeName": {"rus": {"official": "\u0420\u0435\u0441\u043f\u0443\u0431\u043b\u0438\u043a\u0430 \u0422\u0430\u0434\u0436\u0438\u043a\u0438\u0441\u0442\u0430\u043d", "common": "\u0422\u0430\u0434\u0436\u0438\u043a\u0438\u0441\u0442\u0430\u043d"}, "tgk": {"official": "\u04b6\u0443\u043c\u04b3\u0443\u0440\u0438\u0438 \u0422\u043e\u04b7\u0438\u043a\u0438\u0441\u0442\u043e\u043d", "common": "\u0422\u043e\u04b7\u0438\u043a\u0438\u0441\u0442\u043e\u043d"}}}, "currencies": {"TJS": {"name": "Tajikistani somoni", "symbol": "\u0405\u041c"}}, "capital": ["Dushanbe"]}, {"name": {"common": "Guyana", "official": "Co-operative Republic of Guyana", "nativeName": {"eng": {"official": "Co-operative Republic of Guyana", "common": "Guyana"}}}, "currencies": {"GYD": {"name": "Guyanese dollar", "symbol": "$"}}, "capital": ["Georgetown"]}, {"name": {"common": "Solomon Islands", "official": "Solomon Islands", "nativeName": {"eng": {"official": "Solomon Islands", "common": "Solomon Islands"}}}, "currencies": {"SBD": {"name": "Solomon Islands dollar", "symbol": "$"}}, "capital": ["Honiara"]}, {"name": {"common": "Slovakia", "official": "Slovak Republic", "nativeName": {"slk": {"official": "Slovensk\u00e1 republika", "common": "Slovensko"}}}, "currencies": {"EUR": {"name": "Euro", "symbol": "\u20ac"}}, "capital": ["Bratislava"]}, {"name": {"common": "Gibraltar", "official": "Gibraltar", "nativeName": {"eng": {"official": "Gibraltar", "common": "Gibraltar"}}}, "currencies": {"GIP": {"name": "Gibraltar pound", "symbol": "\u00a3"}}, "capital": ["Gibraltar"]}, {"name": {"common": "Peru", "official": "Republic of Peru", "nativeName": {"aym": {"official": "Piruw Suyu", "common": "Piruw"}, "que": {"official": "Piruw Ripuwlika", "common": "Piruw"}, "spa": {"official": "Rep\u00fablica del Per\u00fa", "common": "Per\u00fa"}}}, "currencies": {"PEN": {"name": "Peruvian sol", "symbol": "S/ "}}, "capital": ["Lima"]}, {"name": {"common": "Puerto Rico", "official": "Commonwealth of Puerto Rico", "nativeName": {"eng": {"official": "Commonwealth of Puerto Rico", "common": "Puerto Rico"}, "spa": {"official": "Estado Libre Asociado de Puerto Rico", "common": "Puerto Rico"}}}, "currencies": {"USD": {"name": "United States dollar", "symbol": "$"}}, "capital": ["San Juan"]}, {"name": {"common": "Armenia", "official": "Republic of Armenia", "nativeName": {"hye": {"official": "\u0540\u0561\u0575\u0561\u057d\u057f\u0561\u0576\u056b \u0540\u0561\u0576\u0580\u0561\u057a\u0565\u057f\u0578\u0582\u0569\u0575\u0578\u0582\u0576", "common": "\u0540\u0561\u0575\u0561\u057d\u057f\u0561\u0576"}}}, "currencies": {"AMD": {"name": "Armenian dram", "symbol": "\u058f"}}, "capital": ["Yerevan"]}, {"name": {"common": "Azerbaijan", "official": "Republic of Azerbaijan", "nativeName": {"aze": {"official": "Az\u0259rbaycan Respublikas\u0131", "common": "Az\u0259rbaycan"}}}, "currencies": {"AZN": {"name": "Azerbaijani manat", "symbol": "\u20bc"}}, "capital": ["Baku"]}, {"name": {"common": "Mauritania", "official": "Islamic Republic of Mauritania", "nativeName": {"ara": {"official": "\u0627\u0644\u062c\u0645\u0647\u0648\u0631\u064a\u0629 \u0627\u0644\u0625\u0633\u0644\u0627\u0645\u064a\u0629 \u0627\u0644\u0645\u0648\u0631\u064a\u062a\u0627\u0646\u064a\u0629", "common": "\u0645\u0648\u0631\u064a\u062a\u0627\u0646\u064a\u0627"}}}, "currencies": {"MRU": {"name": "Mauritanian ouguiya", "symbol": "UM"}}, "capital": ["Nouakchott"]}, {"name": {"common": "Belize", "official": "Belize", "nativeName": {"bjz": {"official": "Belize", "common": "Belize"}, "eng": {"official": "Belize", "common": "Belize"}, "spa": {"official": "Belice", "common": "Belice"}}}, "currencies": {"BZD": {"name": "Belize dollar", "symbol": "$"}}, "capital": ["Belmopan"]}, {"name": {"common": "Anguilla", "official": "Anguilla", "nativeName": {"eng": {"official": "Anguilla", "common": "Anguilla"}}}, "currencies": {"XCD": {"name": "Eastern Caribbean dollar", "symbol": "$"}}, "capital": ["The Valley"]}, {"name": {"common": "Seychelles", "official": "Republic of Seychelles", "nativeName": {"crs": {"official": "Repiblik Sesel", "common": "Sesel"}, "eng": {"official": "Republic of Seychelles", "common": "Seychelles"}, "fra": {"official": "R\u00e9publique des Seychelles", "common": "Seychelles"}}}, "currencies": {"SCR": {"name": "Seychellois rupee", "symbol": "\u20a8"}}, "capital": ["Victoria"]}, {"name": {"common": "Norfolk Island", "official": "Territory of Norfolk Island", "nativeName": {"eng": {"official": "Territory of Norfolk Island", "common": "Norfolk Island"}, "pih": {"official": "Teratri of Norf'k Ailen", "common": "Norf'k Ailen"}}}, "currencies": {"AUD": {"name": "Australian dollar", "symbol": "$"}}, "capital": ["Kingston"]}, {"name": {"common": "Philippines", "official": "Republic of the Philippines", "nativeName": {"eng": {"official": "Republic of the Philippines", "common": "Philippines"}, "fil": {"official": "Republic of the Philippines", "common": "Pilipinas"}}}, "currencies": {"PHP": {"name": "Philippine peso", "symbol": "\u20b1"}}, "capital": ["Manila"]}, {"name": {"common": "Argentina", "official": "Argentine Republic", "nativeName": {"grn": {"official": "Argentine Republic", "common": "Argentina"}, "spa": {"official": "Rep\u00fablica Argentina", "common": "Argentina"}}}, "currencies": {"ARS": {"name": "Argentine peso", "symbol": "$"}}, "capital": ["Buenos Aires"]}, {"name": {"common": "Moldova", "official": "Republic of Moldova", "nativeName": {"ron": {"official": "Republica Moldova", "common": "Moldova"}}}, "currencies": {"MDL": {"name": "Moldovan leu", "symbol": "L"}}, "capital": ["Chi\u0219in\u0103u"]}, {"name": {"common": "Samoa", "official": "Independent State of Samoa", "nativeName": {"eng": {"official": "Independent State of Samoa", "common": "Samoa"}, "smo": {"official": "Malo Sa\u02bboloto Tuto\u02bbatasi o S\u0101moa", "common": "S\u0101moa"}}}, "currencies": {"WST": {"name": "Samoan t\u0101l\u0101", "symbol": "T"}}, "capital": ["Apia"]}, {"name": {"common": "Antarctica", "official": "Antarctica", "nativeName": {}}, "currencies": {}, "capital": []}, {"name": {"common": "Sierra Leone", "official": "Republic of Sierra Leone", "nativeName": {"eng": {"official": "Republic of Sierra Leone", "common": "Sierra Leone"}}}, "currencies": {"SLE": {"name": "Leone", "symbol": "Le"}}, "capital": ["Freetown"]}, {"name": {"common": "Cambodia", "official": "Kingdom of Cambodia", "nativeName": {"khm": {"official": "\u1796\u17d2\u179a\u17c7\u179a\u17b6\u1787\u17b6\u178e\u17b6\u1785\u1780\u17d2\u179a\u1780\u1798\u17d2\u1796\u17bb\u1787\u17b6", "common": "K\u00e2mp\u016dch\u00e9a"}}}, "currencies": {"KHR": {"name": "Cambodian riel", "symbol": "\u17db"}, "USD": {"name": "United States dollar", "symbol": "$"}}, "capital": ["Phnom Penh"]}, {"name": {"common": "Vanuatu", "official": "Republic of Vanuatu", "nativeName": {"bis": {"official": "Ripablik blong Vanuatu", "common": "Vanuatu"}, "eng": {"official": "Republic of Vanuatu", "common": "Vanuatu"}, "fra": {"official": "R\u00e9publique de Vanuatu", "common": "Vanuatu"}}}, "currencies": {"VUV": {"name": "Vanuatu vatu", "symbol": "Vt"}}, "capital": ["Port Vila"]}, {"name": {"common": "Jordan", "official": "Hashemite Kingdom of Jordan", "nativeName": {"ara": {"official": "\u0627\u0644\u0645\u0645\u0644\u0643\u0629 \u0627\u0644\u0623\u0631\u062f\u0646\u064a\u0629 \u0627\u0644\u0647\u0627\u0634\u0645\u064a\u0629", "common": "\u0627\u0644\u0623\u0631\u062f\u0646"}}}, "currencies": {"JOD": {"name": "Jordanian dinar", "symbol": "\u062f.\u0627"}}, "capital": ["Amman"]}, {"name": {"common": "Martinique", "official": "Martinique", "nativeName": {"fra": {"official": "Martinique", "common": "Martinique"}}}, "currencies": {"EUR": {"name": "Euro", "symbol": "\u20ac"}}, "capital": ["Fort-de-France"]}, {"name": {"common": "Tonga", "official": "Kingdom of Tonga", "nativeName": {"eng": {"official": "Kingdom of Tonga", "common": "Tonga"}, "ton": {"official": "Kingdom of Tonga", "common": "Tonga"}}}, "currencies": {"TOP": {"name": "Tongan pa\u02bbanga", "symbol": "T$"}}, "capital": ["Nuku'alofa"]}, {"name": {"common": "British Virgin Islands", "official": "Virgin Islands", "nativeName": {"eng": {"official": "Virgin Islands", "common": "British Virgin Islands"}}}, "currencies": {"USD": {"name": "United States dollar", "symbol": "$"}}, "capital": ["Road Town"]}, {"name": {"common": "Timor-Leste", "official": "Democratic Republic of Timor-Leste", "nativeName": {"por": {"official": "Rep\u00fablica Democr\u00e1tica de Timor-Leste", "common": "Timor-Leste"}, "tet": {"official": "Rep\u00fablika Demokr\u00e1tika Tim\u00f3r-Leste", "common": "Tim\u00f3r-Leste"}}}, "currencies": {"USD": {"name": "United States dollar", "symbol": "$"}}, "capital": ["Dili"]}, {"name": {"common": "French Polynesia", "official": "French Polynesia", "nativeName": {"fra": {"official": "Polyn\u00e9sie fran\u00e7aise", "common": "Polyn\u00e9sie fran\u00e7aise"}}}, "currencies": {"XPF": {"name": "CFP franc", "symbol": "\u20a3"}}, "capital": ["Papeet\u0113"]}, {"name": {"common": "Turkey", "official": "Republic of Turkey", "nativeName": {"tur": {"official": "T\u00fcrkiye Cumhuriyeti", "common": "T\u00fcrkiye"}}}, "currencies": {"TRY": {"name": "Turkish lira", "symbol": "\u20ba"}}, "capital": ["Ankara"]}, {"name": {"common": "Guernsey", "official": "Bailiwick of Guernsey", "nativeName": {"eng": {"official": "Bailiwick of Guernsey", "common": "Guernsey"}, "fra": {"official": "Bailliage de Guernesey", "common": "Guernesey"}, "nfr": {"official": "Dg\u00e8rn\u00e9siais", "common": "Dg\u00e8rn\u00e9siais"}}}, "currencies": {"GBP": {"name": "British pound", "symbol": "\u00a3"}, "GGP": {"name": "Guernsey pound", "symbol": "\u00a3"}}, "capital": ["St. Peter Port"]}, {"name": {"common": "Senegal", "official": "Republic of Senegal", "nativeName": {"fra": {"official": "R\u00e9publique du S\u00e9n\u00e9gal", "common": "S\u00e9n\u00e9gal"}}}, "currencies": {"XOF": {"name": "West African CFA franc", "symbol": "Fr"}}, "capital": ["Dakar"]}, {"name": {"common": "Guatemala", "official": "Republic of Guatemala", "nativeName": {"spa": {"official": "Rep\u00fablica de Guatemala", "common": "Guatemala"}}}, "currencies": {"GTQ": {"name": "Guatemalan quetzal", "symbol": "Q"}}, "capital": ["Guatemala City"]}, {"name": {"common": "Poland", "official": "Republic of Poland", "nativeName": {"pol": {"official": "Rzeczpospolita Polska", "common": "Polska"}}}, "currencies": {"PLN": {"name": "Polish z\u0142oty", "symbol": "z\u0142"}}, "capital": ["Warsaw"]}, {"name": {"common": "Bahamas", "official": "Commonwealth of the Bahamas", "nativeName": {"eng": {"official": "Commonwealth of the Bahamas", "common": "Bahamas"}}}, "currencies": {"BSD": {"name": "Bahamian dollar", "symbol": "$"}, "USD": {"name": "United States dollar", "symbol": "$"}}, "capital": ["Nassau"]}, {"name": {"common": "Faroe Islands", "official": "Faroe Islands", "nativeName": {"dan": {"official": "F\u00e6r\u00f8erne", "common": "F\u00e6r\u00f8erne"}, "fao": {"official": "F\u00f8royar", "common": "F\u00f8royar"}}}, "currencies": {"DKK": {"name": "Danish krone", "symbol": "kr"}, "FOK": {"name": "Faroese kr\u00f3na", "symbol": "kr"}}, "capital": ["T\u00f3rshavn"]}, {"name": {"common": "Aruba", "official": "Aruba", "nativeName": {"nld": {"official": "Aruba", "common": "Aruba"}, "pap": {"official": "Aruba", "common": "Aruba"}}}, "currencies": {"AWG": {"name": "Aruban florin", "symbol": "\u0192"}}, "capital": ["Oranjestad"]}, {"name": {"common": "Dominican Republic", "official": "Dominican Republic", "nativeName": {"spa": {"official": "Rep\u00fablica Dominicana", "common": "Rep\u00fablica Dominicana"}}}, "currencies": {"DOP": {"name": "Dominican peso", "symbol": "$"}}, "capital": ["Santo Domingo"]}, {"name": {"common": "Hong Kong", "official": "Hong Kong Special Administrative Region of the People's Republic of China", "nativeName": {"eng": {"official": "Hong Kong Special Administrative Region of the People's Republic of China", "common": "Hong Kong"}, "zho": {"official": "\u4e2d\u534e\u4eba\u6c11\u5171\u548c\u56fd\u9999\u6e2f\u7279\u522b\u884c\u653f\u533a", "common": "\u9999\u6e2f"}}}, "currencies": {"HKD": {"name": "Hong Kong dollar", "symbol": "$"}}, "capital": ["City of Victoria"]}, {"name": {"common": "S\u00e3o Tom\u00e9 and Pr\u00edncipe", "official": "Democratic Republic of S\u00e3o Tom\u00e9 and Pr\u00edncipe", "nativeName": {"por": {"official": "Rep\u00fablica Democr\u00e1tica do S\u00e3o Tom\u00e9 e Pr\u00edncipe", "common": "S\u00e3o Tom\u00e9 e Pr\u00edncipe"}}}, "currencies": {"STN": {"name": "S\u00e3o Tom\u00e9 and Pr\u00edncipe dobra", "symbol": "Db"}}, "capital": ["S\u00e3o Tom\u00e9"]}, {"name": {"common": "Uruguay", "official": "Oriental Republic of Uruguay", "nativeName": {"spa": {"official": "Rep\u00fablica Oriental del Uruguay", "common": "Uruguay"}}}, "currencies": {"UYU": {"name": "Uruguayan peso", "symbol": "$"}}, "capital": ["Montevideo"]}, {"name": {"common": "Bermuda", "official": "Bermuda", "nativeName": {"eng": {"official": "Bermuda", "common": "Bermuda"}}}, "currencies": {"BMD": {"name": "Bermudian dollar", "symbol": "$"}}, "capital": ["Hamilton"]}, {"name": {"common": "Wallis and Futuna", "official": "Territory of the Wallis and Futuna Islands", "nativeName": {"fra": {"official": "Territoire des \u00eeles Wallis et Futuna", "common": "Wallis et Futuna"}}}, "currencies": {"XPF": {"name": "CFP franc", "symbol": "\u20a3"}}, "capital": ["Mata-Utu"]}, {"name": {"common": "South Africa", "official": "Republic of South Africa", "nativeName": {"afr": {"official": "Republiek van Suid-Afrika", "common": "South Africa"}, "eng": {"official": "Republic of South Africa", "common": "South Africa"}, "nbl": {"official": "IRiphabliki yeSewula Afrika", "common": "Sewula Afrika"}, "nso": {"official": "Rephaboliki ya Afrika-Borwa ", "common": "Afrika-Borwa"}, "sot": {"official": "Rephaboliki ya Afrika Borwa", "common": "Afrika Borwa"}, "ssw": {"official": "IRiphabhulikhi yeNingizimu Afrika", "common": "Ningizimu Afrika"}, "tsn": {"official": "Rephaboliki ya Aforika Borwa", "common": "Aforika Borwa"}, "tso": {"official": "Riphabliki ra Afrika Dzonga", "common": "Afrika Dzonga"}, "ven": {"official": "Riphabu\u1e3diki ya Afurika Tshipembe", "common": "Afurika Tshipembe"}, "xho": {"official": "IRiphabliki yaseMzantsi Afrika", "common": "Mzantsi Afrika"}, "zul": {"official": "IRiphabliki yaseNingizimu Afrika", "common": "Ningizimu Afrika"}}}, "currencies": {"ZAR": {"name": "South African rand", "symbol": "R"}}, "capital": ["Pretoria", "Bloemfontein", "Cape Town"]}, {"name": {"common": "Israel", "official": "State of Israel", "nativeName": {"ara": {"official": "\u062f\u0648\u0644\u0629 \u0625\u0633\u0631\u0627\u0626\u064a\u0644", "common": "\u0625\u0633\u0631\u0627\u0626\u064a\u0644"}, "heb": {"official": "\u05de\u05d3\u05d9\u05e0\u05ea \u05d9\u05e9\u05e8\u05d0\u05dc", "common": "\u05d9\u05e9\u05e8\u05d0\u05dc"}}}, "currencies": {"ILS": {"name": "Israeli new shekel", "symbol": "\u20aa"}}, "capital": ["Jerusalem"]}, {"name": {"common": "San Marino", "official": "Republic of San Marino", "nativeName": {"ita": {"official": "Repubblica di San Marino", "common": "San Marino"}}}, "currencies": {"EUR": {"name": "Euro", "symbol": "\u20ac"}}, "capital": ["City of San Marino"]}, {"name": {"common": "El Salvador", "official": "Republic of El Salvador", "nativeName": {"spa": {"official": "Rep\u00fablica de El Salvador", "common": "El Salvador"}}}, "currencies": {"USD": {"name": "United States dollar", "symbol": "$"}}, "capital": ["San Salvador"]}, {"name": {"common": "Mongolia", "official": "Mongolia", "nativeName": {"mon": {"official": "\u041c\u043e\u043d\u0433\u043e\u043b \u0443\u043b\u0441", "common": "\u041c\u043e\u043d\u0433\u043e\u043b \u0443\u043b\u0441"}}}, "currencies": {"MNT": {"name": "Mongolian t\u00f6gr\u00f6g", "symbol": "\u20ae"}}, "capital": ["Ulan Bator"]}, {"name": {"common": "American Samoa", "official": "American Samoa", "nativeName": {"eng": {"official": "American Samoa", "common": "American Samoa"}, "smo": {"official": "S\u0101moa Amelika", "common": "S\u0101moa Amelika"}}}, "currencies": {"USD": {"name": "United States dollar", "symbol": "$"}}, "capital": ["Pago Pago"]}, {"name": {"common": "French Southern and Antarctic Lands", "official": "Territory of the French Southern and Antarctic Lands", "nativeName": {"fra": {"official": "Territoire des Terres australes et antarctiques fran\u00e7aises", "common": "Terres australes et antarctiques fran\u00e7aises"}}}, "currencies": {"EUR": {"name": "Euro", "symbol": "\u20ac"}}, "capital": ["Port-aux-Fran\u00e7ais"]}, {"name": {"common": "Zimbabwe", "official": "Republic of Zimbabwe", "nativeName": {"bwg": {"official": "Republic of Zimbabwe", "common": "Zimbabwe"}, "eng": {"official": "Republic of Zimbabwe", "common": "Zimbabwe"}, "kck": {"official": "Republic of Zimbabwe", "common": "Zimbabwe"}, "khi": {"official": "Republic of Zimbabwe", "common": "Zimbabwe"}, "ndc": {"official": "Republic of Zimbabwe", "common": "Zimbabwe"}, "nde": {"official": "Republic of Zimbabwe", "common": "Zimbabwe"}, "nya": {"official": "Republic of Zimbabwe", "common": "Zimbabwe"}, "sna": {"official": "Republic of Zimbabwe", "common": "Zimbabwe"}, "sot": {"official": "Republic of Zimbabwe", "common": "Zimbabwe"}, "toi": {"official": "Republic of Zimbabwe", "common": "Zimbabwe"}, "tsn": {"official": "Republic of Zimbabwe", "common": "Zimbabwe"}, "tso": {"official": "Republic of Zimbabwe", "common": "Zimbabwe"}, "ven": {"official": "Republic of Zimbabwe", "common": "Zimbabwe"}, "xho": {"official": "Republic of Zimbabwe", "common": "Zimbabwe"}, "zib": {"official": "Republic of Zimbabwe", "common": "Zimbabwe"}}}, "currencies": {"ZWL": {"name": "Zimbabwean dollar", "symbol": "$"}}, "capital": ["Harare"]}, {"name": {"common": "Falkland Islands", "official": "Falkland Islands", "nativeName": {"eng": {"official": "Falkland Islands", "common": "Falkland Islands"}}}, "currencies": {"FKP": {"name": "Falkland Islands pound", "symbol": "\u00a3"}}, "capital": ["Stanley"]}, {"name": {"common": "Croatia", "official": "Republic of Croatia", "nativeName": {"hrv": {"official": "Republika Hrvatska", "common": "Hrvatska"}}}, "currencies": {"EUR": {"name": "Euro", "symbol": "\u20ac"}}, "capital": ["Zagreb"]}, {"name": {"common": "Kiribati", "official": "Independent and Sovereign Republic of Kiribati", "nativeName": {"eng": {"official": "Independent and Sovereign Republic of Kiribati", "common": "Kiribati"}, "gil": {"official": "Ribaberiki Kiribati", "common": "Kiribati"}}}, "currencies": {"AUD": {"name": "Australian dollar", "symbol": "$"}, "KID": {"name": "Kiribati dollar", "symbol": "$"}}, "capital": ["South Tarawa"]}, {"name": {"common": "Marshall Islands", "official": "Republic of the Marshall Islands", "nativeName": {"eng": {"official": "Republic of the Marshall Islands", "common": "Marshall Islands"}, "mah": {"official": "Republic of the Marshall Islands", "common": "M\u0327aje\u013c"}}}, "currencies": {"USD": {"name": "United States dollar", "symbol": "$"}}, "capital": ["Majuro"]}, {"name": {"common": "Norway", "official": "Kingdom of Norway", "nativeName": {"nno": {"official": "Kongeriket Noreg", "common": "Noreg"}, "nob": {"official": "Kongeriket Norge", "common": "Norge"}, "smi": {"official": "Norgga gonagasriika", "common": "Norgga"}}}, "currencies": {"NOK": {"name": "Norwegian krone", "symbol": "kr"}}, "capital": ["Oslo"]}, {"name": {"common": "Mali", "official": "Republic of Mali", "nativeName": {"fra": {"official": "R\u00e9publique du Mali", "common": "Mali"}}}, "currencies": {"XOF": {"name": "West African CFA franc", "symbol": "Fr"}}, "capital": ["Bamako"]}, {"name": {"common": "Zambia", "official": "Republic of Zambia", "nativeName": {"eng": {"official": "Republic of Zambia", "common": "Zambia"}}}, "currencies": {"ZMW": {"name": "Zambian kwacha", "symbol": "ZK"}}, "capital": ["Lusaka"]}, {"name": {"common": "Maldives", "official": "Republic of the Maldives", "nativeName": {"div": {"official": "\u078b\u07a8\u0788\u07ac\u0780\u07a8\u0783\u07a7\u0787\u07b0\u0796\u07ad\u078e\u07ac \u0796\u07aa\u0789\u07b0\u0780\u07ab\u0783\u07a8\u0787\u07b0\u0794\u07a7", "common": "\u078b\u07a8\u0788\u07ac\u0780\u07a8\u0783\u07a7\u0787\u07b0\u0796\u07ad\u078e\u07ac"}}}, "currencies": {"MVR": {"name": "Maldivian rufiyaa", "symbol": ".\u0783"}}, "capital": ["Mal\u00e9"]}, {"name": {"common": "Antigua and Barbuda", "official": "Antigua and Barbuda", "nativeName": {"eng": {"official": "Antigua and Barbuda", "common": "Antigua and Barbuda"}}}, "currencies": {"XCD": {"name": "Eastern Caribbean dollar", "symbol": "$"}}, "capital": ["Saint John's"]}, {"name": {"common": "Christmas Island", "official": "Territory of Christmas Island", "nativeName": {"eng": {"official": "Territory of Christmas Island", "common": "Christmas Island"}}}, "currencies": {"AUD": {"name": "Australian dollar", "symbol": "$"}}, "capital": ["Flying Fish Cove"]}, {"name": {"common": "Iran", "official": "Islamic Republic of Iran", "nativeName": {"fas": {"official": "\u062c\u0645\u0647\u0648\u0631\u06cc \u0627\u0633\u0644\u0627\u0645\u06cc \u0627\u06cc\u0631\u0627\u0646", "common": "\u0627\u06cc\u0631\u0627\u0646"}}}, "currencies": {"IRR": {"name": "Iranian rial", "symbol": "\ufdfc"}}, "capital": ["Tehran"]}, {"name": {"common": "Italy", "official": "Italian Republic", "nativeName": {"ita": {"official": "Repubblica italiana", "common": "Italia"}}}, "currencies": {"EUR": {"name": "Euro", "symbol": "\u20ac"}}, "capital": ["Rome"]}, {"name": {"common": "Gambia", "official": "Republic of the Gambia", "nativeName": {"eng": {"official": "Republic of the Gambia", "common": "Gambia"}}}, "currencies": {"GMD": {"name": "dalasi", "symbol": "D"}}, "capital": ["Banjul"]}, {"name": {"common": "South Korea", "official": "Republic of Korea", "nativeName": {"kor": {"official": "\ub300\ud55c\ubbfc\uad6d", "common": "\ud55c\uad6d"}}}, "currencies": {"KRW": {"name": "South Korean won", "symbol": "\u20a9"}}, "capital": ["Seoul"]}, {"name": {"common": "Papua New Guinea", "official": "Independent State of Papua New Guinea", "nativeName": {"eng": {"official": "Independent State of Papua New Guinea", "common": "Papua New Guinea"}, "hmo": {"official": "Independen Stet bilong Papua Niugini", "common": "Papua Niu Gini"}, "tpi": {"official": "Independen Stet bilong Papua Niugini", "common": "Papua Niugini"}}}, "currencies": {"PGK": {"name": "Papua New Guinean kina", "symbol": "K"}}, "capital": ["Port Moresby"]}, {"name": {"common": "Egypt", "official": "Arab Republic of Egypt", "nativeName": {"ara": {"official": "\u062c\u0645\u0647\u0648\u0631\u064a\u0629 \u0645\u0635\u0631 \u0627\u0644\u0639\u0631\u0628\u064a\u0629", "common": "\u0645\u0635\u0631"}}}, "currencies": {"EGP": {"name": "Egyptian pound", "symbol": "\u00a3"}}, "capital": ["Cairo"]}, {"name": {"common": "Isle of Man", "official": "Isle of Man", "nativeName": {"eng": {"official": "Isle of Man", "common": "Isle of Man"}, "glv": {"official": "Ellan Vannin or Mannin", "common": "Mannin"}}}, "currencies": {"GBP": {"name": "British pound", "symbol": "\u00a3"}, "IMP": {"name": "Manx pound", "symbol": "\u00a3"}}, "capital": ["Douglas"]}, {"name": {"common": "Latvia", "official": "Republic of Latvia", "nativeName": {"lav": {"official": "Latvijas Republikas", "common": "Latvija"}}}, "currencies": {"EUR": {"name": "Euro", "symbol": "\u20ac"}}, "capital": ["Riga"]}, {"name": {"common": "Paraguay", "official": "Republic of Paraguay", "nativeName": {"grn": {"official": "Tet\u00e3 Paragu\u00e1i", "common": "Paragu\u00e1i"}, "spa": {"official": "Rep\u00fablica de Paraguay", "common": "Paraguay"}}}, "currencies": {"PYG": {"name": "Paraguayan guaran\u00ed", "symbol": "\u20b2"}}, "capital": ["Asunci\u00f3n"]}, {"name": {"common": "Grenada", "official": "Grenada", "nativeName": {"eng": {"official": "Grenada", "common": "Grenada"}}}, "currencies": {"XCD": {"name": "Eastern Caribbean dollar", "symbol": "$"}}, "capital": ["St. George's"]}, {"name": {"common": "Colombia", "official": "Republic of Colombia", "nativeName": {"spa": {"official": "Rep\u00fablica de Colombia", "common": "Colombia"}}}, "currencies": {"COP": {"name": "Colombian peso", "symbol": "$"}}, "capital": ["Bogot\u00e1"]}, {"name": {"common": "Finland", "official": "Republic of Finland", "nativeName": {"fin": {"official": "Suomen tasavalta", "common": "Suomi"}, "swe": {"official": "Republiken Finland", "common": "Finland"}}}, "currencies": {"EUR": {"name": "Euro", "symbol": "\u20ac"}}, "capital": ["Helsinki"]}, {"name": {"common": "Bulgaria", "official": "Republic of Bulgaria", "nativeName": {"bul": {"official": "\u0420\u0435\u043f\u0443\u0431\u043b\u0438\u043a\u0430 \u0411\u044a\u043b\u0433\u0430\u0440\u0438\u044f", "common": "\u0411\u044a\u043b\u0433\u0430\u0440\u0438\u044f"}}}, "currencies": {"BGN": {"name": "Bulgarian lev", "symbol": "\u043b\u0432"}}, "capital": ["Sofia"]}, {"name": {"common": "Togo", "official": "Togolese Republic", "nativeName": {"fra": {"official": "R\u00e9publique togolaise", "common": "Togo"}}}, "currencies": {"XOF": {"name": "West African CFA franc", "symbol": "Fr"}}, "capital": ["Lom\u00e9"]}, {"name": {"common": "Chile", "official": "Republic of Chile", "nativeName": {"spa": {"official": "Rep\u00fablica de Chile", "common": "Chile"}}}, "currencies": {"CLP": {"name": "Chilean peso", "symbol": "$"}}, "capital": ["Santiago"]}, {"name": {"common": "Dominica", "official": "Commonwealth of Dominica", "nativeName": {"eng": {"official": "Commonwealth of Dominica", "common": "Dominica"}}}, "currencies": {"XCD": {"name": "Eastern Caribbean dollar", "symbol": "$"}}, "capital": ["Roseau"]}, {"name": {"common": "Ireland", "official": "Republic of Ireland", "nativeName": {"eng": {"official": "Republic of Ireland", "common": "Ireland"}, "gle": {"official": "Poblacht na h\u00c9ireann", "common": "\u00c9ire"}}}, "currencies": {"EUR": {"name": "Euro", "symbol": "\u20ac"}}, "capital": ["Dublin"]}, {"name": {"common": "Botswana", "official": "Republic of Botswana", "nativeName": {"eng": {"official": "Republic of Botswana", "common": "Botswana"}, "tsn": {"official": "Lefatshe la Botswana", "common": "Botswana"}}}, "currencies": {"BWP": {"name": "Botswana pula", "symbol": "P"}}, "capital": ["Gaborone"]}, {"name": {"common": "Kosovo", "official": "Republic of Kosovo", "nativeName": {"sqi": {"official": "Republika e Kosov\u00ebs", "common": "Kosova"}, "srp": {"official": "\u0420\u0435\u043f\u0443\u0431\u043b\u0438\u043a\u0430 \u041a\u043e\u0441\u043e\u0432\u043e", "common": "\u041a\u043e\u0441\u043e\u0432\u043e"}}}, "currencies": {"EUR": {"name": "Euro", "symbol": "\u20ac"}}, "capital": ["Pristina"]}, {"name": {"common": "United States", "official": "United States of America", "nativeName": {"eng": {"official": "United States of America", "common": "United States"}}}, "currencies": {"USD": {"name": "United States dollar", "symbol": "$"}}, "capital": ["Washington, D.C."]}, {"name": {"common": "Uzbekistan", "official": "Republic of Uzbekistan", "nativeName": {"rus": {"official": "\u0420\u0435\u0441\u043f\u0443\u0431\u043b\u0438\u043a\u0430 \u0423\u0437\u0431\u0435\u043a\u0438\u0441\u0442\u0430\u043d", "common": "\u0423\u0437\u0431\u0435\u043a\u0438\u0441\u0442\u0430\u043d"}, "uzb": {"official": "O'zbekiston Respublikasi", "common": "O\u2018zbekiston"}}}, "currencies": {"UZS": {"name": "Uzbekistani so\u02bbm", "symbol": "so'm"}}, "capital": ["Tashkent"]}, {"name": {"common": "Brazil", "official": "Federative Republic of Brazil", "nativeName": {"por": {"official": "Rep\u00fablica Federativa do Brasil", "common": "Brasil"}}}, "currencies": {"BRL": {"name": "Brazilian real", "symbol": "R$"}}, "capital": ["Bras\u00edlia"]}, {"name": {"common": "Rwanda", "official": "Republic of Rwanda", "nativeName": {"eng": {"official": "Republic of Rwanda", "common": "Rwanda"}, "fra": {"official": "R\u00e9publique rwandaise", "common": "Rwanda"}, "kin": {"official": "Repubulika y'u Rwanda", "common": "Rwanda"}}}, "currencies": {"RWF": {"name": "Rwandan franc", "symbol": "Fr"}}, "capital": ["Kigali"]}, {"name": {"common": "Liechtenstein", "official": "Principality of Liechtenstein", "nativeName": {"deu": {"official": "F\u00fcrstentum Liechtenstein", "common": "Liechtenstein"}}}, "currencies": {"CHF": {"name": "Swiss franc", "symbol": "Fr"}}, "capital": ["Vaduz"]}, {"name": {"common": "Bhutan", "official": "Kingdom of Bhutan", "nativeName": {"dzo": {"official": "\u0f60\u0f56\u0fb2\u0f74\u0f42\u0f0b\u0f62\u0f92\u0fb1\u0f63\u0f0b\u0f41\u0f56\u0f0b", "common": "\u0f60\u0f56\u0fb2\u0f74\u0f42\u0f0b\u0f61\u0f74\u0f63\u0f0b"}}}, "currencies": {"BTN": {"name": "Bhutanese ngultrum", "symbol": "Nu."}, "INR": {"name": "Indian rupee", "symbol": "\u20b9"}}, "capital": ["Thimphu"]}, {"name": {"common": "Montenegro", "official": "Montenegro", "nativeName": {"cnr": {"official": "\u0426\u0440\u043d\u0430 \u0413\u043e\u0440\u0430", "common": "\u0426\u0440\u043d\u0430 \u0413\u043e\u0440\u0430"}}}, "currencies": {"EUR": {"name": "Euro", "symbol": "\u20ac"}}, "capital": ["Podgorica"]}, {"name": {"common": "Niger", "official": "Republic of Niger", "nativeName": {"fra": {"official": "R\u00e9publique du Niger", "common": "Niger"}}}, "currencies": {"XOF": {"name": "West African CFA franc", "symbol": "Fr"}}, "capital": ["Niamey"]}, {"name": {"common": "Albania", "official": "Republic of Albania", "nativeName": {"sqi": {"official": "Republika e Shqip\u00ebris\u00eb", "common": "Shqip\u00ebria"}}}, "currencies": {"ALL": {"name": "Albanian lek", "symbol": "L"}}, "capital": ["Tirana"]}, {"name": {"common": "Morocco", "official": "Kingdom of Morocco", "nativeName": {"ara": {"official": "\u0627\u0644\u0645\u0645\u0644\u0643\u0629 \u0627\u0644\u0645\u063a\u0631\u0628\u064a\u0629", "common": "\u0627\u0644\u0645\u063a\u0631\u0628"}, "ber": {"official": "\u2d5c\u2d30\u2d33\u2d4d\u2d37\u2d49\u2d5c \u2d4f \u2d4d\u2d4e\u2d56\u2d54\u2d49\u2d31", "common": "\u2d4d\u2d4e\u2d30\u2d56\u2d54\u2d49\u2d31"}}}, "currencies": {"MAD": {"name": "Moroccan dirham", "symbol": "\u062f.\u0645."}}, "capital": ["Rabat"]}, {"name": {"common": "Venezuela", "official": "Bolivarian Republic of Venezuela", "nativeName": {"spa": {"official": "Rep\u00fablica Bolivariana de Venezuela", "common": "Venezuela"}}}, "currencies": {"VES": {"name": "Venezuelan bol\u00edvar soberano", "symbol": "Bs.S."}}, "capital": ["Caracas"]}, {"name": {"common": "Republic of the Congo", "official": "Republic of the Congo", "nativeName": {"fra": {"official": "R\u00e9publique du Congo", "common": "R\u00e9publique du Congo"}, "kon": {"official": "Repubilika ya Kongo", "common": "Repubilika ya Kongo"}, "lin": {"official": "Republ\u00edki ya Kong\u00f3", "common": "Republ\u00edki ya Kong\u00f3"}}}, "currencies": {"XAF": {"name": "Central African CFA franc", "symbol": "Fr"}}, "capital": ["Brazzaville"]}, {"name": {"common": "Burundi", "official": "Republic of Burundi", "nativeName": {"fra": {"official": "R\u00e9publique du Burundi", "common": "Burundi"}, "run": {"official": "Republika y'Uburundi ", "common": "Uburundi"}}}, "currencies": {"BIF": {"name": "Burundian franc", "symbol": "Fr"}}, "capital": ["Gitega"]}, {"name": {"common": "Jersey", "official": "Bailiwick of Jersey", "nativeName": {"eng": {"official": "Bailiwick of Jersey", "common": "Jersey"}, "fra": {"official": "Bailliage de Jersey", "common": "Jersey"}, "nrf": {"official": "Bailliage d\u00e9 J\u00e8rri", "common": "J\u00e8rri"}}}, "currencies": {"GBP": {"name": "British pound", "symbol": "\u00a3"}, "JEP": {"name": "Jersey pound", "symbol": "\u00a3"}}, "capital": ["Saint Helier"]}, {"name": {"common": "North Macedonia", "official": "Republic of North Macedonia", "nativeName": {"mkd": {"official": "\u0420\u0435\u043f\u0443\u0431\u043b\u0438\u043a\u0430 \u0421\u0435\u0432\u0435\u0440\u043d\u0430 \u041c\u0430\u043a\u0435\u0434\u043e\u043d\u0438\u0458\u0430", "common": "\u041c\u0430\u043a\u0435\u0434\u043e\u043d\u0438\u0458\u0430"}}}, "currencies": {"MKD": {"name": "denar", "symbol": "den"}}, "capital": ["Skopje"]}, {"name": {"common": "Kyrgyzstan", "official": "Kyrgyz Republic", "nativeName": {"kir": {"official": "\u041a\u044b\u0440\u0433\u044b\u0437 \u0420\u0435\u0441\u043f\u0443\u0431\u043b\u0438\u043a\u0430\u0441\u044b", "common": "\u041a\u044b\u0440\u0433\u044b\u0437\u0441\u0442\u0430\u043d"}, "rus": {"official": "\u041a\u044b\u0440\u0433\u044b\u0437\u0441\u043a\u0430\u044f \u0420\u0435\u0441\u043f\u0443\u0431\u043b\u0438\u043a\u0430", "common": "\u041a\u0438\u0440\u0433\u0438\u0437\u0438\u044f"}}}, "currencies": {"KGS": {"name": "Kyrgyzstani som", "symbol": "\u0441"}}, "capital": ["Bishkek"]}, {"name": {"common": "Romania", "official": "Romania", "nativeName": {"ron": {"official": "Rom\u00e2nia", "common": "Rom\u00e2nia"}}}, "currencies": {"RON": {"name": "Romanian leu", "symbol": "lei"}}, "capital": ["Bucharest"]}, {"name": {"common": "Guam", "official": "Guam", "nativeName": {"cha": {"official": "Gu\u00e5h\u00e5n", "common": "Gu\u00e5h\u00e5n"}, "eng": {"official": "Guam", "common": "Guam"}, "spa": {"official": "Guam", "common": "Guam"}}}, "currencies": {"USD": {"name": "United States dollar", "symbol": "$"}}, "capital": ["Hag\u00e5t\u00f1a"]}, {"name": {"common": "\u00c5land Islands", "official": "\u00c5land Islands", "nativeName": {"swe": {"official": "Landskapet \u00c5land", "common": "\u00c5land"}}}, "currencies": {"EUR": {"name": "Euro", "symbol": "\u20ac"}}, "capital": ["Mariehamn"]}, {"name": {"common": "Equatorial Guinea", "official": "Republic of Equatorial Guinea", "nativeName": {"fra": {"official": "R\u00e9publique de la Guin\u00e9e \u00c9quatoriale", "common": "Guin\u00e9e \u00e9quatoriale"}, "por": {"official": "Rep\u00fablica da Guin\u00e9 Equatorial", "common": "Guin\u00e9 Equatorial"}, "spa": {"official": "Rep\u00fablica de Guinea Ecuatorial", "common": "Guinea Ecuatorial"}}}, "currencies": {"XAF": {"name": "Central African CFA franc", "symbol": "Fr"}}, "capital": ["Malabo"]}, {"name": {"common": "South Georgia", "official": "South Georgia and the South Sandwich Islands", "nativeName": {"eng": {"official": "South Georgia and the South Sandwich Islands", "common": "South Georgia"}}}, "currencies": {"GBP": {"name": "British pound", "symbol": "\u00a3"}}, "capital": ["King Edward Point"]}, {"name": {"common": "French Guiana", "official": "Guiana", "nativeName": {"fra": {"official": "Guyane", "common": "Guyane fran\u00e7aise"}}}, "currencies": {"EUR": {"name": "Euro", "symbol": "\u20ac"}}, "capital": ["Cayenne"]}, {"name": {"common": "Germany", "official": "Federal Republic of Germany", "nativeName": {"deu": {"official": "Bundesrepublik Deutschland", "common": "Deutschland"}}}, "currencies": {"EUR": {"name": "Euro", "symbol": "\u20ac"}}, "capital": ["Berlin"]}, {"name": {"common": "Denmark", "official": "Kingdom of Denmark", "nativeName": {"dan": {"official": "Kongeriget Danmark", "common": "Danmark"}}}, "currencies": {"DKK": {"name": "Danish krone", "symbol": "kr"}}, "capital": ["Copenhagen"]}, {"name": {"common": "Iceland", "official": "Iceland", "nativeName": {"isl": {"official": "\u00cdsland", "common": "\u00cdsland"}}}, "currencies": {"ISK": {"name": "Icelandic kr\u00f3na", "symbol": "kr"}}, "capital": ["Reykjavik"]}, {"name": {"common": "Somalia", "official": "Federal Republic of Somalia", "nativeName": {"ara": {"official": "\u062c\u0645\u0647\u0648\u0631\u064a\u0629 \u0627\u0644\u0635\u0648\u0645\u0627\u0644\u200e\u200e", "common": "\u0627\u0644\u0635\u0648\u0645\u0627\u0644\u200e\u200e"}, "som": {"official": "Jamhuuriyadda Federaalka Soomaaliya", "common": "Soomaaliya"}}}, "currencies": {"SOS": {"name": "Somali shilling", "symbol": "Sh"}}, "capital": ["Mogadishu"]}, {"name": {"common": "Micronesia", "official": "Federated States of Micronesia", "nativeName": {"eng": {"official": "Federated States of Micronesia", "common": "Micronesia"}}}, "currencies": {"USD": {"name": "United States dollar", "symbol": "$"}}, "capital": ["Palikir"]}, {"name": {"common": "Laos", "official": "Lao People's Democratic Republic", "nativeName": {"lao": {"official": "\u0eaa\u0eb2\u0e97\u0eb2\u0ea5\u0eb0\u0e99\u0eb0 \u0e8a\u0eb2\u0e97\u0eb4\u0e9b\u0eb0\u0ec4\u0e95 \u0e84\u0ebb\u0e99\u0ea5\u0eb2\u0ea7 \u0e82\u0ead\u0e87", "common": "\u0eaa\u0e9b\u0e9b\u0ea5\u0eb2\u0ea7"}}}, "currencies": {"LAK": {"name": "Lao kip", "symbol": "\u20ad"}}, "capital": ["Vientiane"]}, {"name": {"common": "Sint Maarten", "official": "Sint Maarten", "nativeName": {"eng": {"official": "Sint Maarten", "common": "Sint Maarten"}, "fra": {"official": "Saint-Martin", "common": "Saint-Martin"}, "nld": {"official": "Sint Maarten", "common": "Sint Maarten"}}}, "currencies": {"ANG": {"name": "Netherlands Antillean guilder", "symbol": "\u0192"}}, "capital": ["Philipsburg"]}, {"name": {"common": "Liberia", "official": "Republic of Liberia", "nativeName": {"eng": {"official": "Republic of Liberia", "common": "Liberia"}}}, "currencies": {"LRD": {"name": "Liberian dollar", "symbol": "$"}}, "capital": ["Monrovia"]}, {"name": {"common": "Chad", "official": "Republic of Chad", "nativeName": {"ara": {"official": "\u062c\u0645\u0647\u0648\u0631\u064a\u0629 \u062a\u0634\u0627\u062f", "common": "\u062a\u0634\u0627\u062f\u200e"}, "fra": {"official": "R\u00e9publique du Tchad", "common": "Tchad"}}}, "currencies": {"XAF": {"name": "Central African CFA franc", "symbol": "Fr"}}, "capital": ["N'Djamena"]}, {"name": {"common": "Australia", "official": "Commonwealth of Australia", "nativeName": {"eng": {"official": "Commonwealth of Australia", "common": "Australia"}}}, "currencies": {"AUD": {"name": "Australian dollar", "symbol": "$"}}, "capital": ["Canberra"]}, {"name": {"common": "Burkina Faso", "official": "Burkina Faso", "nativeName": {"fra": {"official": "R\u00e9publique du Burkina", "common": "Burkina Faso"}}}, "currencies": {"XOF": {"name": "West African CFA franc", "symbol": "Fr"}}, "capital": ["Ouagadougou"]}, {"name": {"common": "Malta", "official": "Republic of Malta", "nativeName": {"eng": {"official": "Republic of Malta", "common": "Malta"}, "mlt": {"official": "Repubblika ta ' Malta", "common": "Malta"}}}, "currencies": {"EUR": {"name": "Euro", "symbol": "\u20ac"}}, "capital": ["Valletta"]}, {"name": {"common": "Northern Mariana Islands", "official": "Commonwealth of the Northern Mariana Islands", "nativeName": {"cal": {"official": "Commonwealth of the Northern Mariana Islands", "common": "Northern Mariana Islands"}, "cha": {"official": "Sankattan Siha Na Islas Mari\u00e5nas", "common": "Na Islas Mari\u00e5nas"}, "eng": {"official": "Commonwealth of the Northern Mariana Islands", "common": "Northern Mariana Islands"}}}, "currencies": {"USD": {"name": "United States dollar", "symbol": "$"}}, "capital": ["Saipan"]}, {"name": {"common": "Uganda", "official": "Republic of Uganda", "nativeName": {"eng": {"official": "Republic of Uganda", "common": "Uganda"}, "swa": {"official": "Republic of Uganda", "common": "Uganda"}}}, "currencies": {"UGX": {"name": "Ugandan shilling", "symbol": "Sh"}}, "capital": ["Kampala"]}, {"name": {"common": "Spain", "official": "Kingdom of Spain", "nativeName": {"spa": {"official": "Reino de Espa\u00f1a", "common": "Espa\u00f1a"}}}, "currencies": {"EUR": {"name": "Euro", "symbol": "\u20ac"}}, "capital": ["Madrid"]}, {"name": {"common": "Sudan", "official": "Republic of the Sudan", "nativeName": {"ara": {"official": "\u062c\u0645\u0647\u0648\u0631\u064a\u0629 \u0627\u0644\u0633\u0648\u062f\u0627\u0646", "common": "\u0627\u0644\u0633\u0648\u062f\u0627\u0646"}, "eng": {"official": "Republic of the Sudan", "common": "Sudan"}}}, "currencies": {"SDG": {"name": "Sudanese pound", "symbol": "\u062c.\u0633"}}, "capital": ["Khartoum"]}, {"name": {"common": "Taiwan", "official": "Republic of China (Taiwan)", "nativeName": {"zho": {"official": "\u4e2d\u83ef\u6c11\u570b", "common": "\u53f0\u7063"}}}, "currencies": {"TWD": {"name": "New Taiwan dollar", "symbol": "$"}}, "capital": ["Taipei"]}, {"name": {"common": "Afghanistan", "official": "Islamic Republic of Afghanistan", "nativeName": {"prs": {"official": "\u062c\u0645\u0647\u0648\u0631\u06cc \u0627\u0633\u0644\u0627\u0645\u06cc \u0627\u0641\u063a\u0627\u0646\u0633\u062a\u0627\u0646", "common": "\u0627\u0641\u063a\u0627\u0646\u0633\u062a\u0627\u0646"}, "pus": {"official": "\u062f \u0627\u0641\u063a\u0627\u0646\u0633\u062a\u0627\u0646 \u0627\u0633\u0644\u0627\u0645\u064a \u062c\u0645\u0647\u0648\u0631\u06cc\u062a", "common": "\u0627\u0641\u063a\u0627\u0646\u0633\u062a\u0627\u0646"}, "tuk": {"official": "Owganystan Yslam Respublikasy", "common": "Owganystan"}}}, "currencies": {"AFN": {"name": "Afghan afghani", "symbol": "\u060b"}}, "capital": ["Kabul"]}, {"name": {"common": "Svalbard and Jan Mayen", "official": "Svalbard og Jan Mayen", "nativeName": {"nor": {"official": "Svalbard og Jan Mayen", "common": "Svalbard og Jan Mayen"}}}, "currencies": {"NOK": {"name": "krone", "symbol": "kr"}}, "capital": ["Longyearbyen"]}, {"name": {"common": "Fiji", "official": "Republic of Fiji", "nativeName": {"eng": {"official": "Republic of Fiji", "common": "Fiji"}, "fij": {"official": "Matanitu Tugalala o Viti", "common": "Viti"}, "hif": {"official": "\u0930\u093f\u092a\u092c\u094d\u0932\u093f\u0915 \u0911\u092b \u092b\u0940\u091c\u0940", "common": "\u092b\u093f\u091c\u0940"}}}, "currencies": {"FJD": {"name": "Fijian dollar", "symbol": "$"}}, "capital": ["Suva"]}, {"name": {"common": "Guinea-Bissau", "official": "Republic of Guinea-Bissau", "nativeName": {"por": {"official": "Rep\u00fablica da Guin\u00e9-Bissau", "common": "Guin\u00e9-Bissau"}, "pov": {"official": "Rep\u00fablica da Guin\u00e9-Bissau", "common": "Guin\u00e9-Bissau"}}}, "currencies": {"XOF": {"name": "West African CFA franc", "symbol": "Fr"}}, "capital": ["Bissau"]}, {"name": {"common": "Andorra", "official": "Principality of Andorra", "nativeName": {"cat": {"official": "Principat d'Andorra", "common": "Andorra"}}}, "currencies": {"EUR": {"name": "Euro", "symbol": "\u20ac"}}, "capital": ["Andorra la Vella"]}, {"name": {"common": "Algeria", "official": "People's Democratic Republic of Algeria", "nativeName": {"ara": {"official": "\u0627\u0644\u062c\u0645\u0647\u0648\u0631\u064a\u0629 \u0627\u0644\u062f\u064a\u0645\u0642\u0631\u0627\u0637\u064a\u0629 \u0627\u0644\u0634\u0639\u0628\u064a\u0629 \u0627\u0644\u062c\u0632\u0627\u0626\u0631\u064a\u0629", "common": "\u0627\u0644\u062c\u0632\u0627\u0626\u0631"}}}, "currencies": {"DZD": {"name": "Algerian dinar", "symbol": "\u062f.\u062c"}}, "capital": ["Algiers"]}, {"name": {"common": "Portugal", "official": "Portuguese Republic", "nativeName": {"por": {"official": "Rep\u00fablica Portuguesa", "common": "Portugal"}}}, "currencies": {"EUR": {"name": "Euro", "symbol": "\u20ac"}}, "capital": ["Lisbon"]}, {"name": {"common": "Mozambique", "official": "Republic of Mozambique", "nativeName": {"por": {"official": "Rep\u00fablica de Mo\u00e7ambique", "common": "Mo\u00e7ambique"}}}, "currencies": {"MZN": {"name": "Mozambican metical", "symbol": "MT"}}, "capital": ["Maputo"]}, {"name": {"common": "Lesotho", "official": "Kingdom of Lesotho", "nativeName": {"eng": {"official": "Kingdom of Lesotho", "common": "Lesotho"}, "sot": {"official": "Kingdom of Lesotho", "common": "Lesotho"}}}, "currencies": {"LSL": {"name": "Lesotho loti", "symbol": "L"}, "ZAR": {"name": "South African rand", "symbol": "R"}}, "capital": ["Maseru"]}, {"name": {"common": "North Korea", "official": "Democratic People's Republic of Korea", "nativeName": {"kor": {"official": "\uc870\uc120\ubbfc\uc8fc\uc8fc\uc758\uc778\ubbfc\uacf5\ud654\uad6d", "common": "\uc870\uc120"}}}, "currencies": {"KPW": {"name": "North Korean won", "symbol": "\u20a9"}}, "capital": ["Pyongyang"]}, {"name": {"common": "Singapore", "official": "Republic of Singapore", "nativeName": {"eng": {"official": "Republic of Singapore", "common": "Singapore"}, "zho": {"official": "\u65b0\u52a0\u5761\u5171\u548c\u56fd", "common": "\u65b0\u52a0\u5761"}, "msa": {"official": "Republik Singapura", "common": "Singapura"}, "tam": {"official": "\u0b9a\u0bbf\u0b99\u0bcd\u0b95\u0baa\u0bcd\u0baa\u0bc2\u0bb0\u0bcd \u0b95\u0bc1\u0b9f\u0bbf\u0baf\u0bb0\u0b9a\u0bc1", "common": "\u0b9a\u0bbf\u0b99\u0bcd\u0b95\u0baa\u0bcd\u0baa\u0bc2\u0bb0\u0bcd"}}}, "currencies": {"SGD": {"name": "Singapore dollar", "symbol": "$"}}, "capital": ["Singapore"]}, {"name": {"common": "Monaco", "official": "Principality of Monaco", "nativeName": {"fra": {"official": "Principaut\u00e9 de Monaco", "common": "Monaco"}}}, "currencies": {"EUR": {"name": "Euro", "symbol": "\u20ac"}}, "capital": ["Monaco"]}, {"name": {"common": "Lebanon", "official": "Lebanese Republic", "nativeName": {"ara": {"official": "\u0627\u0644\u062c\u0645\u0647\u0648\u0631\u064a\u0629 \u0627\u0644\u0644\u0628\u0646\u0627\u0646\u064a\u0629", "common": "\u0644\u0628\u0646\u0627\u0646"}, "fra": {"official": "R\u00e9publique libanaise", "common": "Liban"}}}, "currencies": {"LBP": {"name": "Lebanese pound", "symbol": "\u0644.\u0644"}}, "capital": ["Beirut"]}, {"name": {"common": "Serbia", "official": "Republic of Serbia", "nativeName": {"srp": {"official": "\u0420\u0435\u043f\u0443\u0431\u043b\u0438\u043a\u0430 \u0421\u0440\u0431\u0438\u0458\u0430", "common": "\u0421\u0440\u0431\u0438\u0458\u0430"}}}, "currencies": {"RSD": {"name": "Serbian dinar", "symbol": "\u0434\u0438\u043d."}}, "capital": ["Belgrade"]}, {"name": {"common": "Estonia", "official": "Republic of Estonia", "nativeName": {"est": {"official": "Eesti Vabariik", "common": "Eesti"}}}, "currencies": {"EUR": {"name": "Euro", "symbol": "\u20ac"}}, "capital": ["Tallinn"]}, {"name": {"common": "Barbados", "official": "Barbados", "nativeName": {"eng": {"official": "Barbados", "common": "Barbados"}}}, "currencies": {"BBD": {"name": "Barbadian dollar", "symbol": "$"}}, "capital": ["Bridgetown"]}, {"name": {"common": "Mauritius", "official": "Republic of Mauritius", "nativeName": {"eng": {"official": "Republic of Mauritius", "common": "Mauritius"}, "fra": {"official": "R\u00e9publique de Maurice", "common": "Maurice"}, "mfe": {"official": "Republik Moris", "common": "Moris"}}}, "currencies": {"MUR": {"name": "Mauritian rupee", "symbol": "\u20a8"}}, "capital": ["Port Louis"]}, {"name": {"common": "Saint Helena, Ascension and Tristan da Cunha", "official": "Saint Helena, Ascension and Tristan da Cunha", "nativeName": {"eng": {"official": "Saint Helena, Ascension and Tristan da Cunha", "common": "Saint Helena, Ascension and Tristan da Cunha"}}}, "currencies": {"GBP": {"name": "Pound sterling", "symbol": "\u00a3"}, "SHP": {"name": "Saint Helena pound", "symbol": "\u00a3"}}, "capital": ["Jamestown"]}, {"name": {"common": "Belgium", "official": "Kingdom of Belgium", "nativeName": {"deu": {"official": "K\u00f6nigreich Belgien", "common": "Belgien"}, "fra": {"official": "Royaume de Belgique", "common": "Belgique"}, "nld": {"official": "Koninkrijk Belgi\u00eb", "common": "Belgi\u00eb"}}}, "currencies": {"EUR": {"name": "Euro", "symbol": "\u20ac"}}, "capital": ["Brussels"]}, {"name": {"common": "Libya", "official": "State of Libya", "nativeName": {"ara": {"official": "\u0627\u0644\u062f\u0648\u0644\u0629 \u0644\u064a\u0628\u064a\u0627", "common": "\u200f\u0644\u064a\u0628\u064a\u0627"}}}, "currencies": {"LYD": {"name": "Libyan dinar", "symbol": "\u0644.\u062f"}}, "capital": ["Tripoli"]}, {"name": {"common": "Nicaragua", "official": "Republic of Nicaragua", "nativeName": {"spa": {"official": "Rep\u00fablica de Nicaragua", "common": "Nicaragua"}}}, "currencies": {"NIO": {"name": "Nicaraguan c\u00f3rdoba", "symbol": "C$"}}, "capital": ["Managua"]}, {"name": {"common": "Kuwait", "official": "State of Kuwait", "nativeName": {"ara": {"official": "\u062f\u0648\u0644\u0629 \u0627\u0644\u0643\u0648\u064a\u062a", "common": "\u0627\u0644\u0643\u0648\u064a\u062a"}}}, "currencies": {"KWD": {"name": "Kuwaiti dinar", "symbol": "\u062f.\u0643"}}, "capital": ["Kuwait City"]}, {"name": {"common": "New Caledonia", "official": "New Caledonia", "nativeName": {"fra": {"official": "Nouvelle-Cal\u00e9donie", "common": "Nouvelle-Cal\u00e9donie"}}}, "currencies": {"XPF": {"name": "CFP franc", "symbol": "\u20a3"}}, "capital": ["Noum\u00e9a"]}, {"name": {"common": "France", "official": "French Republic", "nativeName": {"fra": {"official": "R\u00e9publique fran\u00e7aise", "common": "France"}}}, "currencies": {"EUR": {"name": "Euro", "symbol": "\u20ac"}}, "capital": ["Paris"]}, {"name": {"common": "Vietnam", "official": "Socialist Republic of Vietnam", "nativeName": {"vie": {"official": "C\u1ed9ng h\u00f2a x\u00e3 h\u1ed9i ch\u1ee7 ngh\u0129a Vi\u1ec7t Nam", "common": "Vi\u1ec7t Nam"}}}, "currencies": {"VND": {"name": "Vietnamese \u0111\u1ed3ng", "symbol": "\u20ab"}}, "capital": ["Hanoi"]}, {"name": {"common": "Saint Vincent and the Grenadines", "official": "Saint Vincent and the Grenadines", "nativeName": {"eng": {"official": "Saint Vincent and the Grenadines", "common": "Saint Vincent and the Grenadines"}}}, "currencies": {"XCD": {"name": "Eastern Caribbean dollar", "symbol": "$"}}, "capital": ["Kingstown"]}, {"name": {"common": "Bahrain", "official": "Kingdom of Bahrain", "nativeName": {"ara": {"official": "\u0645\u0645\u0644\u0643\u0629 \u0627\u0644\u0628\u062d\u0631\u064a\u0646", "common": "\u200f\u0627\u0644\u0628\u062d\u0631\u064a\u0646"}}}, "currencies": {"BHD": {"name": "Bahraini dinar", "symbol": ".\u062f.\u0628"}}, "capital": ["Manama"]}, {"name": {"common": "Cura\u00e7ao", "official": "Country of Cura\u00e7ao", "nativeName": {"eng": {"official": "Country of Cura\u00e7ao", "common": "Cura\u00e7ao"}, "nld": {"official": "Land Cura\u00e7ao", "common": "Cura\u00e7ao"}, "pap": {"official": "Pais K\u00f2rsou", "common": "Pais K\u00f2rsou"}}}, "currencies": {"ANG": {"name": "Netherlands Antillean guilder", "symbol": "\u0192"}}, "capital": ["Willemstad"]}, {"name": {"common": "Bangladesh", "official": "People's Republic of Bangladesh", "nativeName": {"ben": {"official": "\u09ac\u09be\u0982\u09b2\u09be\u09a6\u09c7\u09b6 \u0997\u09a3\u09aa\u09cd\u09b0\u099c\u09be\u09a4\u09a8\u09cd\u09a4\u09cd\u09b0\u09c0", "common": "\u09ac\u09be\u0982\u09b2\u09be\u09a6\u09c7\u09b6"}}}, "currencies": {"BDT": {"name": "Bangladeshi taka", "symbol": "\u09f3"}}, "capital": ["Dhaka"]}, {"name": {"common": "Ivory Coast", "official": "Republic of C\u00f4te d'Ivoire", "nativeName": {"fra": {"official": "R\u00e9publique de C\u00f4te d'Ivoire", "common": "C\u00f4te d'Ivoire"}}}, "currencies": {"XOF": {"name": "West African CFA franc", "symbol": "Fr"}}, "capital": ["Yamoussoukro"]}, {"name": {"common": "DR Congo", "official": "Democratic Republic of the Congo", "nativeName": {"fra": {"official": "R\u00e9publique d\u00e9mocratique du Congo", "common": "RD Congo"}, "kon": {"official": "Repubilika ya Kongo Demokratiki", "common": "Repubilika ya Kongo Demokratiki"}, "lin": {"official": "Republiki ya Kong\u00f3 Demokratiki", "common": "Republiki ya Kong\u00f3 Demokratiki"}, "lua": {"official": "Ditunga dia Kongu wa Mungalaata", "common": "Ditunga dia Kongu wa Mungalaata"}, "swa": {"official": "Jamhuri ya Kidemokrasia ya Kongo", "common": "Jamhuri ya Kidemokrasia ya Kongo"}}}, "currencies": {"CDF": {"name": "Congolese franc", "symbol": "FC"}}, "capital": ["Kinshasa"]}, {"name": {"common": "Sri Lanka", "official": "Democratic Socialist Republic of Sri Lanka", "nativeName": {"sin": {"official": "\u0dc1\u0dca\u200d\u0dbb\u0dd3 \u0dbd\u0d82\u0d9a\u0dcf \u0db4\u0dca\u200d\u0dbb\u0da2\u0dcf\u0dad\u0dcf\u0db1\u0dca\u0dad\u0dca\u200d\u0dbb\u0dd2\u0d9a \u0dc3\u0db8\u0dcf\u0da2\u0dc0\u0dcf\u0daf\u0dd3 \u0da2\u0db1\u0dbb\u0da2\u0dba", "common": "\u0dc1\u0dca\u200d\u0dbb\u0dd3 \u0dbd\u0d82\u0d9a\u0dcf\u0dc0"}, "tam": {"official": "\u0b87\u0bb2\u0b99\u0bcd\u0b95\u0bc8 \u0b9a\u0ba9\u0ba8\u0bbe\u0baf\u0b95 \u0b9a\u0bcb\u0b9a\u0bb2\u0bbf\u0b9a\u0b95\u0bcd \u0b95\u0bc1\u0b9f\u0bbf\u0baf\u0bb0\u0b9a\u0bc1", "common": "\u0b87\u0bb2\u0b99\u0bcd\u0b95\u0bc8"}}}, "currencies": {"LKR": {"name": "Sri Lankan rupee", "symbol": "Rs  \u0dbb\u0dd4"}}, "capital": ["Sri Jayawardenepura Kotte"]}, {"name": {"common": "United States Minor Outlying Islands", "official": "United States Minor Outlying Islands", "nativeName": {"eng": {"official": "United States Minor Outlying Islands", "common": "United States Minor Outlying Islands"}}}, "currencies": {"USD": {"name": "United States dollar", "symbol": "$"}}, "capital": ["Washington DC"]}, {"name": {"common": "Caribbean Netherlands", "official": "Bonaire, Sint Eustatius and Saba", "nativeName": {"nld": {"official": "Bonaire, Sint Eustatius en Saba", "common": "Caribisch Nederland"}, "pap": {"official": "Boneiru, Sint Eustatius y Saba", "common": "Boneiru, Sint Eustatius y Saba"}}}, "currencies": {"USD": {"name": "United States dollar", "symbol": "$"}}, "capital": ["Kralendijk"]}, {"name": {"common": "Nepal", "official": "Federal Democratic Republic of Nepal", "nativeName": {"nep": {"official": "\u0928\u0947\u092a\u093e\u0932 \u0938\u0902\u0918\u0940\u092f \u0932\u094b\u0915\u0924\u093e\u0928\u094d\u0924\u094d\u0930\u093f\u0915 \u0917\u0923\u0924\u0928\u094d\u0924\u094d\u0930", "common": "\u0928\u0947\u092a\u093e\u0932"}}}, "currencies": {"NPR": {"name": "Nepalese rupee", "symbol": "\u20a8"}}, "capital": ["Kathmandu"]}, {"name": {"common": "Bolivia", "official": "Plurinational State of Bolivia", "nativeName": {"aym": {"official": "Wuliwya Suyu", "common": "Wuliwya"}, "grn": {"official": "Tet\u00e3 Vol\u00edvia", "common": "Vol\u00edvia"}, "que": {"official": "Buliwya Mamallaqta", "common": "Buliwya"}, "spa": {"official": "Estado Plurinacional de Bolivia", "common": "Bolivia"}}}, "currencies": {"BOB": {"name": "Bolivian boliviano", "symbol": "Bs."}}, "capital": ["Sucre"]}, {"name": {"common": "Namibia", "official": "Republic of Namibia", "nativeName": {"afr": {"official": "Republiek van Namibi\u00eb", "common": "Namibi\u00eb"}, "deu": {"official": "Republik Namibia", "common": "Namibia"}, "eng": {"official": "Republic of Namibia", "common": "Namibia"}, "her": {"official": "Republic of Namibia", "common": "Namibia"}, "hgm": {"official": "Republic of Namibia", "common": "Namibia"}, "kwn": {"official": "Republic of Namibia", "common": "Namibia"}, "loz": {"official": "Republic of Namibia", "common": "Namibia"}, "ndo": {"official": "Republic of Namibia", "common": "Namibia"}, "tsn": {"official": "Lefatshe la Namibia", "common": "Namibia"}}}, "currencies": {"NAD": {"name": "Namibian dollar", "symbol": "$"}, "ZAR": {"name": "South African rand", "symbol": "R"}}, "capital": ["Windhoek"]}, {"name": {"common": "Haiti", "official": "Republic of Haiti", "nativeName": {"fra": {"official": "R\u00e9publique d'Ha\u00efti", "common": "Ha\u00efti"}, "hat": {"official": "Repiblik Ayiti", "common": "Ayiti"}}}, "currencies": {"HTG": {"name": "Haitian gourde", "symbol": "G"}}, "capital": ["Port-au-Prince"]}, {"name": {"common": "Suriname", "official": "Republic of Suriname", "nativeName": {"nld": {"official": "Republiek Suriname", "common": "Suriname"}}}, "currencies": {"SRD": {"name": "Surinamese dollar", "symbol": "$"}}, "capital": ["Paramaribo"]}, {"name": {"common": "Saint Martin", "official": "Saint Martin", "nativeName": {"fra": {"official": "Saint-Martin", "common": "Saint-Martin"}}}, "currencies": {"EUR": {"name": "Euro", "symbol": "\u20ac"}}, "capital": ["Marigot"]}, {"name": {"common": "Canada", "official": "Canada", "nativeName": {"eng": {"official": "Canada", "common": "Canada"}, "fra": {"official": "Canada", "common": "Canada"}}}, "currencies": {"CAD": {"name": "Canadian dollar", "symbol": "$"}}, "capital": ["Ottawa"]}, {"name": {"common": "Honduras", "official": "Republic of Honduras", "nativeName": {"spa": {"official": "Rep\u00fablica de Honduras", "common": "Honduras"}}}, "currencies": {"HNL": {"name": "Honduran lempira", "symbol": "L"}}, "capital": ["Tegucigalpa"]}, {"name": {"common": "Vatican City", "official": "Vatican City State", "nativeName": {"ita": {"official": "Stato della Citt\u00e0 del Vaticano", "common": "Vaticano"}, "lat": {"official": "Status Civitatis Vatican\u00e6", "common": "Vatican\u00e6"}}}, "currencies": {"EUR": {"name": "Euro", "symbol": "\u20ac"}}, "capital": ["Vatican City"]}, {"name": {"common": "United Arab Emirates", "official": "United Arab Emirates", "nativeName": {"ara": {"official": "\u0627\u0644\u0625\u0645\u0627\u0631\u0627\u062a \u0627\u0644\u0639\u0631\u0628\u064a\u0629 \u0627\u0644\u0645\u062a\u062d\u062f\u0629", "common": "\u062f\u0648\u0644\u0629 \u0627\u0644\u0625\u0645\u0627\u0631\u0627\u062a \u0627\u0644\u0639\u0631\u0628\u064a\u0629 \u0627\u0644\u0645\u062a\u062d\u062f\u0629"}}}, "currencies": {"AED": {"name": "United Arab Emirates dirham", "symbol": "\u062f.\u0625"}}, "capital": ["Abu Dhabi"]}, {"name": {"common": "Guinea", "official": "Republic of Guinea", "nativeName": {"fra": {"official": "R\u00e9publique de Guin\u00e9e", "common": "Guin\u00e9e"}}}, "currencies": {"GNF": {"name": "Guinean franc", "symbol": "Fr"}}, "capital": ["Conakry"]}, {"name": {"common": "Cameroon", "official": "Republic of Cameroon", "nativeName": {"eng": {"official": "Republic of Cameroon", "common": "Cameroon"}, "fra": {"official": "R\u00e9publique du Cameroun", "common": "Cameroun"}}}, "currencies": {"XAF": {"name": "Central African CFA franc", "symbol": "Fr"}}, "capital": ["Yaound\u00e9"]}, {"name": {"common": "Cyprus", "official": "Republic of Cyprus", "nativeName": {"ell": {"official": "\u0394\u03b7\u03bc\u03bf\u03ba\u03c1\u03b1\u03c4\u03af\u03b1 \u03c4\u03b7\u03c2 \u039a\u03cd\u03c0\u03c1\u03bf\u03c2", "common": "\u039a\u03cd\u03c0\u03c1\u03bf\u03c2"}, "tur": {"official": "K\u0131br\u0131s Cumhuriyeti", "common": "K\u0131br\u0131s"}}}, "currencies": {"EUR": {"name": "Euro", "symbol": "\u20ac"}}, "capital": ["Nicosia"]}, {"name": {"common": "Trinidad and Tobago", "official": "Republic of Trinidad and Tobago", "nativeName": {"eng": {"official": "Republic of Trinidad and Tobago", "common": "Trinidad and Tobago"}}}, "currencies": {"TTD": {"name": "Trinidad and Tobago dollar", "symbol": "$"}}, "capital": ["Port of Spain"]}, {"name": {"common": "Sweden", "official": "Kingdom of Sweden", "nativeName": {"swe": {"official": "Konungariket Sverige", "common": "Sverige"}}}, "currencies": {"SEK": {"name": "Swedish krona", "symbol": "kr"}}, "capital": ["Stockholm"]}, {"name": {"common": "Madagascar", "official": "Republic of Madagascar", "nativeName": {"fra": {"official": "R\u00e9publique de Madagascar", "common": "Madagascar"}, "mlg": {"official": "Repoblikan'i Madagasikara", "common": "Madagasikara"}}}, "currencies": {"MGA": {"name": "Malagasy ariary", "symbol": "Ar"}}, "capital": ["Antananarivo"]}, {"name": {"common": "Mayotte", "official": "Department of Mayotte", "nativeName": {"fra": {"official": "D\u00e9partement de Mayotte", "common": "Mayotte"}}}, "currencies": {"EUR": {"name": "Euro", "symbol": "\u20ac"}}, "capital": ["Mamoudzou"]}, {"name": {"common": "Cayman Islands", "official": "Cayman Islands", "nativeName": {"eng": {"official": "Cayman Islands", "common": "Cayman Islands"}}}, "currencies": {"KYD": {"name": "Cayman Islands dollar", "symbol": "$"}}, "capital": ["George Town"]}, {"name": {"common": "Malaysia", "official": "Malaysia", "nativeName": {"eng": {"official": "Malaysia", "common": "Malaysia"}, "msa": {"official": "\u0645\u0644\u064a\u0633\u064a\u0627", "common": "\u0645\u0644\u064a\u0633\u064a\u0627"}}}, "currencies": {"MYR": {"name": "Malaysian ringgit", "symbol": "RM"}}, "capital": ["Kuala Lumpur"]}, {"name": {"common": "Benin", "official": "Republic of Benin", "nativeName": {"fra": {"official": "R\u00e9publique du B\u00e9nin", "common": "B\u00e9nin"}}}, "currencies": {"XOF": {"name": "West African CFA franc", "symbol": "Fr"}}, "capital": ["Porto-Novo"]}, {"name": {"common": "Greenland", "official": "Greenland", "nativeName": {"kal": {"official": "Kalaallit Nunaat", "common": "Kalaallit Nunaat"}}}, "currencies": {"DKK": {"name": "krone", "symbol": "kr."}}, "capital": ["Nuuk"]}, {"name": {"common": "Switzerland", "official": "Swiss Confederation", "nativeName": {"fra": {"official": "Conf\u00e9d\u00e9ration suisse", "common": "Suisse"}, "gsw": {"official": "Schweizerische Eidgenossenschaft", "common": "Schweiz"}, "ita": {"official": "Confederazione Svizzera", "common": "Svizzera"}, "roh": {"official": "Confederaziun svizra", "common": "Svizra"}}}, "currencies": {"CHF": {"name": "Swiss franc", "symbol": "Fr."}}, "capital": ["Bern"]}, {"name": {"common": "Georgia", "official": "Georgia", "nativeName": {"kat": {"official": "\u10e1\u10d0\u10e5\u10d0\u10e0\u10d7\u10d5\u10d4\u10da\u10dd", "common": "\u10e1\u10d0\u10e5\u10d0\u10e0\u10d7\u10d5\u10d4\u10da\u10dd"}}}, "currencies": {"GEL": {"name": "lari", "symbol": "\u20be"}}, "capital": ["Tbilisi"]}, {"name": {"common": "Ecuador", "official": "Republic of Ecuador", "nativeName": {"spa": {"official": "Rep\u00fablica del Ecuador", "common": "Ecuador"}}}, "currencies": {"USD": {"name": "United States dollar", "symbol": "$"}}, "capital": ["Quito"]}, {"name": {"common": "Cape Verde", "official": "Republic of Cabo Verde", "nativeName": {"por": {"official": "Rep\u00fablica de Cabo Verde", "common": "Cabo Verde"}}}, "currencies": {"CVE": {"name": "Cape Verdean escudo", "symbol": "Esc"}}, "capital": ["Praia"]}, {"name": {"common": "Luxembourg", "official": "Grand Duchy of Luxembourg", "nativeName": {"deu": {"official": "Gro\u00dfherzogtum Luxemburg", "common": "Luxemburg"}, "fra": {"official": "Grand-Duch\u00e9 de Luxembourg", "common": "Luxembourg"}, "ltz": {"official": "Groussherzogtum L\u00ebtzebuerg", "common": "L\u00ebtzebuerg"}}}, "currencies": {"EUR": {"name": "Euro", "symbol": "\u20ac"}}, "capital": ["Luxembourg"]}, {"name": {"common": "Saint Lucia", "official": "Saint Lucia", "nativeName": {"eng": {"official": "Saint Lucia", "common": "Saint Lucia"}}}, "currencies": {"XCD": {"name": "Eastern Caribbean dollar", "symbol": "$"}}, "capital": ["Castries"]}, {"name": {"common": "United States Virgin Islands", "official": "Virgin Islands of the United States", "nativeName": {"eng": {"official": "Virgin Islands of the United States", "common": "United States Virgin Islands"}}}, "currencies": {"USD": {"name": "United States dollar", "symbol": "$"}}, "capital": ["Charlotte Amalie"]}, {"name": {"common": "Japan", "official": "Japan", "nativeName": {"jpn": {"official": "\u65e5\u672c", "common": "\u65e5\u672c"}}}, "currencies": {"JPY": {"name": "Japanese yen", "symbol": "\u00a5"}}, "capital": ["Tokyo"]}, {"name": {"common": "Jamaica", "official": "Jamaica", "nativeName": {"eng": {"official": "Jamaica", "common": "Jamaica"}, "jam": {"official": "Jamaica", "common": "Jamaica"}}}, "currencies": {"JMD": {"name": "Jamaican dollar", "symbol": "$"}}, "capital": ["Kingston"]}, {"name": {"common": "Ethiopia", "official": "Federal Democratic Republic of Ethiopia", "nativeName": {"amh": {"official": "\u12e8\u12a2\u1275\u12ee\u1335\u12eb \u134c\u12f4\u122b\u120b\u12ca \u12f2\u121e\u12ad\u122b\u1232\u12eb\u12ca \u122a\u1350\u1265\u120a\u12ad", "common": "\u12a2\u1275\u12ee\u1335\u12eb"}}}, "currencies": {"ETB": {"name": "Ethiopian birr", "symbol": "Br"}}, "capital": ["Addis Ababa"]}, {"name": {"common": "Pakistan", "official": "Islamic Republic of Pakistan", "nativeName": {"eng": {"official": "Islamic Republic of Pakistan", "common": "Pakistan"}, "urd": {"official": "\u0627\u0633\u0644\u0627\u0645\u06cc \u062c\u0645\u06c1\u0648\u0631\u06cc\u06c2 \u067e\u0627\u0643\u0633\u062a\u0627\u0646", "common": "\u067e\u0627\u0643\u0633\u062a\u0627\u0646"}}}, "currencies": {"PKR": {"name": "Pakistani rupee", "symbol": "\u20a8"}}, "capital": ["Islamabad"]}, {"name": {"common": "Montserrat", "official": "Montserrat", "nativeName": {"eng": {"official": "Montserrat", "common": "Montserrat"}}}, "currencies": {"XCD": {"name": "Eastern Caribbean dollar", "symbol": "$"}}, "capital": ["Plymouth"]}, {"name": {"common": "Lithuania", "official": "Republic of Lithuania", "nativeName": {"lit": {"official": "Lietuvos Respublikos", "common": "Lietuva"}}}, "currencies": {"EUR": {"name": "Euro", "symbol": "\u20ac"}}, "capital": ["Vilnius"]}, {"name": {"common": "Greece", "official": "Hellenic Republic", "nativeName": {"ell": {"official": "\u0395\u03bb\u03bb\u03b7\u03bd\u03b9\u03ba\u03ae \u0394\u03b7\u03bc\u03bf\u03ba\u03c1\u03b1\u03c4\u03af\u03b1", "common": "\u0395\u03bb\u03bb\u03ac\u03b4\u03b1"}}}, "currencies": {"EUR": {"name": "Euro", "symbol": "\u20ac"}}, "capital": ["Athens"]}], "2025-11-02T02:54:01.238059"]